Time,Lat,Long,TTFF,Count,Commands,TxTries,ONT,I,V,Temperature,CTTemp,CTCond,O2Con,O2Air,O2Temp,AirPressure,AirTemp,WindDirection,WindSpeed,WindGust,Heading,AirFix,
2019-12-04 08:25:51,50.17614,-48.47091,20,0,0,0,250,0.024,13.3,8,7.027,,270.1,91,7.79,993.9,6.4,160,8,10,360,1,
2019-12-04 09:00:00,50.1978,-48.41568,12,3,0,1,210,0.022,13.2,8,7.377,,271.4,90.5,7.32,989.9,5.8,240,13,16,255,1,
2019-12-04 09:30:00,50.2407,-48.30462,12,6,0,1,200,0.02,13.2,8,7.746,,269.4,90.5,7.57,990.2,6.2,245,10,12,255,1,
2019-12-04 09:45:59,50.26374,-48.2445,12,0,0,0,250,0.024,13.2,9,8.015,,268.1,90.5,7.76,987.8,6.5,245,11,14,256,1,
2019-12-04 10:30:00,50.33043,-48.07815,13,2,0,1,120,0.022,13.3,8,8.308,,265.4,90.5,8.17,990.4,6.7,225,13,30,254,1,
2019-12-04 11:41:10,50.36307,-47.95725,11,0,0,0,350,0.024,13.3,9,8.62,,263.1,90.5,8.59,988.1,6.7,205,13,13,358,1,
2019-12-04 12:30:00,50.3712,-47.98974,12,2,0,1,350,0.02,13.3,8,6.723,34.02,277.8,91.5,6.74,986.8,6.2,200,10,13,266,1,
2019-12-04 13:30:00,50.37213,-47.98629,11,4,0,1,240,0.02,13.5,7,6.694,34.02,277.7,91.5,6.71,986.7,5.7,175,14,19,145,1,
2019-12-04 14:30:00,50.36994,-47.96934,11,6,0,1,250,0.02,13.6,7,6.778,34.07,276.6,91.5,6.79,984.4,5.4,200,11,14,278,1,
2019-12-04 15:30:00,50.37093,-47.97753,12,8,0,1,250,0.02,13.8,8,6.617,33.96,277.3,91,6.63,982.7,5.3,195,8,11,291,1,
2019-12-04 16:30:00,50.37489,-48.03012,12,10,0,1,350,0.02,13.9,7,6.269,33.68,280.7,91.5,6.28,986.4,5.3,0,11,11,272,0,
2019-12-04 17:30:00,50.3679,-47.97867,37,12,0,1,380,0.02,14,7,6.336,33.73,279.7,91.5,6.35,986.9,5.5,0,9,9,21,0,
2019-12-04 18:30:00,50.36712,-48.01344,12,14,0,1,240,0.02,13.8,7,6.265,33.67,282,92,6.28,987.2,5.8,205,11,13,310,1,
2019-12-04 19:30:00,50.35752,-47.96199,13,16,0,1,350,0.02,13.7,7,6.573,33.91,278.4,91.5,6.59,985.1,5.5,215,14,19,106,1,
2019-12-04 20:30:00,50.36697,-48.02241,12,18,0,1,290,0.02,13.5,7,6.348,33.73,281.3,92,6.36,982.5,4.9,205,13,16,0,1,
2019-12-04 21:30:00,50.35761,-47.97897,13,20,0,2,270,0.02,13.4,7,6.407,33.77,280.9,92,6.42,984.4,5.1,205,12,15,153,1,
2019-12-04 22:30:00,50.37429,-48.02676,13,22,0,1,300,0.02,13.4,7,6.454,33.81,279.3,91.5,6.47,982.7,4.7,220,13,16,295,1,
2019-12-04 23:30:00,50.38089,-48.03825,12,24,0,1,350,0.02,13.3,7,6.474,33.83,279.3,91.5,6.49,982.5,4.3,0,24,24,294,0,
2019-12-05 00:30:00,50.40663,-48.09726,41,26,0,1,380,0.02,13.3,7,5.413,32.91,286.3,91.5,5.43,981.2,3.8,0,11,11,299,0,
2019-12-05 01:30:00,50.43084,-48.14472,12,28,0,1,280,0.022,13.3,6,5.018,32.58,289.1,91.5,5.03,977.4,3.5,235,12,15,313,1,
2019-12-05 02:30:00,50.45397,-48.1932,12,30,0,1,240,0.02,13.3,6,5.135,32.68,288.4,91.5,5.15,978,3.4,250,14,20,318,1,
2019-12-05 03:30:00,50.48457,-48.23817,13,32,0,1,350,0.02,13.3,5,4.849,32.39,291.7,92,4.86,975.2,3.2,260,8,16,334,1,
2019-12-05 04:30:00,50.51337,-48.27144,12,34,0,1,230,0.02,13.3,6,5.1,32.62,288.1,91.5,5.11,976.9,3.1,260,11,17,314,1,
2019-12-05 05:30:00,50.54655,-48.30507,41,36,0,1,300,0.02,13.3,6,4.578,32.13,292,91.5,4.61,975.3,2.7,245,14,19,317,1,
2019-12-05 06:30:00,50.57922,-48.32946,12,38,0,1,350,0.02,13.3,5,4.461,32.02,293.4,91.5,4.47,975.4,2.3,0,8,8,335,0,
2019-12-05 07:30:00,50.61096,-48.35169,12,40,0,2,240,0.02,13.3,5,4.309,31.87,294.1,91.5,4.32,972.7,1.9,260,11,14,327,1,
2019-12-05 08:30:00,50.6418,-48.37029,13,42,0,1,270,0.022,13.3,5,4.439,31.98,293.6,91.5,4.45,974.2,1.7,270,15,20,345,1,
2019-12-05 09:30:00,50.67405,-48.38655,11,44,0,1,270,0.02,13.3,5,4.557,32.09,291.3,91,4.57,969.6,1.6,270,11,14,333,1,
2019-12-05 10:30:00,50.7063,-48.40215,12,46,0,1,240,0.02,13.3,5,4.061,31.6,294.5,91.5,4.19,971.6,1.2,250,11,14,344,1,
2019-12-05 11:30:00,50.73603,-48.4233,41,48,0,1,280,0.02,13.3,5,3.771,31.3,295.9,91,3.78,969.4,1,250,14,18,335,1,
2019-12-05 12:30:00,50.76438,-48.44175,12,50,0,1,220,0.02,13.5,4,4.05,31.62,294.2,91,4.06,970.4,1.2,250,8,12,355,1,
2019-12-05 13:30:00,50.79591,-48.43692,12,52,0,1,290,0.02,14,4,4.122,31.71,293.8,91,4.13,969.6,1.4,250,10,16,354,1,
2019-12-05 14:30:00,50.82132,-48.43404,12,54,0,1,330,0.02,14,5,4.099,31.69,293.8,91,4.11,969.3,1.5,240,5,8,350,1,
2019-12-05 15:30:00,50.83932,-48.4323,12,56,0,1,240,0.02,13.9,5,4.115,31.69,293.6,91,4.13,971.9,1.7,225,3,4,3,1,
2019-12-05 16:30:00,50.84019,-48.43959,12,58,0,1,350,0.02,14,5,4.085,31.58,293.7,91,4.1,970.2,1.6,120,2,6,284,1,
2019-12-05 17:30:00,50.84091,-48.47748,40,0,0,1,270,0.02,13.9,5,4.034,31.57,295,91,4.05,970.7,1.4,110,12,13,17,1,
2019-12-05 18:30:00,50.87712,-48.49044,14,2,0,1,210,0.02,14.1,4,3.847,31.34,296.7,91.5,3.86,968.4,1.5,75,12,15,2,1,
2019-12-05 19:30:00,50.9193,-48.48693,41,4,0,1,270,0.02,13.9,5,3.768,31.25,297.2,91.5,3.78,972.3,1.9,75,10,14,18,1,
2019-12-05 20:30:00,50.96064,-48.47757,12,6,0,1,350,0.02,13.6,4,3.863,31.37,296.3,91,3.87,974,2.8,90,12,21,37,1,
2019-12-05 21:30:00,51.00204,-48.45834,12,8,0,1,220,0.02,13.5,4,4.032,31.57,294.9,91,4.04,977.8,3.6,135,11,14,37,1,
2019-12-05 22:30:00,51.01317,-48.45603,13,10,0,1,270,0.02,13.4,4,4.085,31.64,294.7,91,4.1,979.5,3.8,205,12,16,248,1,
2019-12-05 23:30:00,51.02253,-48.50763,12,12,0,1,240,0.02,13.4,4,3.876,31.38,296.8,91.5,3.89,972.6,2.5,220,13,18,285,1,
2019-12-06 00:30:00,51.04266,-48.55188,14,14,0,1,350,0.02,13.3,4,4.259,31.84,293.8,91.5,4.27,975.6,2.5,0,20,20,321,0,
2019-12-06 01:30:00,51.07179,-48.58944,12,16,0,1,240,0.02,13.3,4,4.16,31.73,296.2,92,4.17,973.8,2.1,255,12,17,322,1,
2019-12-06 02:30:00,51.10341,-48.61428,13,18,0,1,210,0.022,13.3,4,4.205,31.81,295.3,91.5,4.22,968.7,1.6,275,13,17,43,1,
2019-12-06 03:30:00,51.13122,-48.63138,11,20,0,1,240,0.02,13.3,4,4.177,31.77,295.7,91.5,4.19,968,1.3,275,12,41,321,1,
2019-12-06 04:30:00,51.15726,-48.65268,11,22,0,1,240,0.02,13.3,5,4.312,31.91,294.4,91.5,4.32,969.8,1.1,260,11,14,339,1,
2019-12-06 05:30:00,51.18273,-48.66936,41,24,0,1,270,0.02,13.3,5,4.425,32.02,292.3,91,4.44,967.6,0.9,265,12,15,328,1,
2019-12-06 06:30:00,51.20961,-48.68385,41,26,0,1,300,0.02,13.2,5,4.49,32.1,291.6,91,4.5,968.6,0.9,265,11,14,344,1,
2019-12-06 07:30:00,51.24057,-48.68658,12,28,0,1,210,0.02,13.3,5,4.53,32.15,291.1,91,4.55,965,0.6,265,9,11,348,1,
2019-12-06 08:30:00,51.27177,-48.69462,40,30,0,2,260,0.02,13.3,5,4.226,31.79,292.7,91,4.24,966.4,0.3,260,11,15,344,1,
2019-12-06 09:30:00,51.30444,-48.71523,11,32,0,1,230,0.022,13.3,5,4.103,31.65,293.5,91,4.12,965.7,0.2,240,8,10,17,1,
2019-12-06 10:30:00,51.34131,-48.73416,12,34,0,1,240,0.02,13.2,5,4.18,31.71,292.8,91,4.19,966,0.3,265,9,12,15,1,
2019-12-06 11:30:00,51.37896,-48.7644,13,36,0,1,240,0.02,13.3,5,5.855,33.28,280.2,90.5,5.87,968.1,0.7,260,12,16,319,1,
2019-12-06 12:30:00,51.41772,-48.7998,12,38,0,1,240,0.02,13.4,5,6.508,33.89,275.5,90.5,6.53,967.9,1.1,260,10,13,338,1,
2019-12-06 13:30:00,51.45837,-48.83805,12,40,0,1,250,0.02,13.5,6,6.317,33.73,276.9,90.5,6.34,968.1,1.1,240,11,15,334,1,
2019-12-06 14:30:00,51.50079,-48.87198,13,42,0,1,340,0.02,13.8,6,6.666,34.03,274.5,90.5,6.68,970.6,1.4,255,10,13,10,1,
2019-12-06 15:30:00,51.54081,-48.89541,13,44,0,1,240,0.02,13.9,7,6.915,34.29,273.1,90.5,6.94,968,1.2,280,10,13,334,1,
2019-12-06 16:30:00,51.5796,-48.91692,12,46,0,1,250,0.02,13.9,7,7,34.37,271.9,90,7.02,970,1.5,255,11,16,350,1,
2019-12-06 17:30:00,51.61731,-48.93381,16,48,0,2,250,0.02,14,7,6.938,34.36,272.6,90.5,6.96,969.4,1.5,265,13,15,309,1,
2019-12-06 18:30:00,51.64998,-48.95346,12,50,0,1,240,0.02,14,7,6.977,34.4,273.3,90.5,7,969.8,1.6,270,11,15,358,1,
2019-12-06 19:30:00,51.68046,-48.97299,65,52,0,2,400,0.02,13.9,8,6.941,34.36,273.1,90.5,6.96,967.7,1.3,280,12,14,359,1,
2019-12-06 20:30:00,51.70992,-48.99378,41,54,0,1,380,0.02,13.6,7,6.787,34.23,272.8,90,6.8,971.3,1.4,0,12,12,330,0,
2019-12-06 21:30:00,51.73824,-49.02417,12,56,0,1,260,0.02,13.5,7,6.688,34.14,274.7,90.5,6.71,970.4,1.3,255,12,15,79,1,
2019-12-06 22:30:00,51.76848,-49.05678,12,58,0,2,350,0.02,13.4,7,6.581,34.04,275.3,90.5,6.6,971,1.4,0,14,14,335,0,
2019-12-06 23:30:00,51.80079,-49.09401,41,0,0,1,380,0.02,13.4,8,6.529,33.99,276.1,90.5,6.55,971,1.6,260,12,19,347,1,
2019-12-07 00:30:00,51.83769,-49.10253,21,2,0,1,360,0.022,13.3,7,6.495,33.95,275.9,90.5,6.51,971.1,1.2,0,12,12,13,0,
2019-12-07 01:30:00,51.87693,-49.12473,11,4,0,2,280,0.02,13.3,7,6.42,33.86,276.9,90.5,6.44,969.4,1.2,270,11,14,358,1,
2019-12-07 02:30:00,51.91788,-49.14861,13,6,0,1,260,0.02,13.3,7,6.611,34.03,275.1,90.5,6.63,968.7,1.1,270,11,14,348,1,
2019-12-07 03:30:00,51.96288,-49.17114,12,8,0,3,280,0.02,13.3,7,6.588,34.01,274.9,90.5,6.61,969.4,1.2,285,11,17,339,1,
2019-12-07 04:30:00,52.01004,-49.18704,12,10,0,1,240,0.02,13.3,7,6.517,33.94,275.5,90.5,6.54,969.4,1.2,265,11,14,5,1,
2019-12-07 05:30:00,52.0599,-49.19994,41,12,0,1,280,0.02,13.3,7,6.528,33.94,275.5,90.5,6.55,966.3,0.8,280,10,13,84,1,
2019-12-07 06:30:00,52.11084,-49.20297,12,14,0,1,240,0.02,13.3,6,4.923,32.5,285.2,90,4.94,966,0.5,285,9,12,335,1,
2019-12-07 07:30:00,52.15821,-49.19994,12,16,0,1,260,0.022,13.3,6,4.548,32.17,288.1,90,4.56,967.1,0.2,275,9,11,352,1,
2019-12-07 08:30:00,52.2,-49.19667,41,18,0,1,240,0.02,13.3,6,4.518,32.15,288.3,90,4.54,966.2,0.2,275,9,12,2,1,
2019-12-07 09:30:00,52.23915,-49.20579,11,20,0,1,270,0.02,13.3,5,4.658,32.28,285.5,89.5,4.67,967.2,0.2,275,11,14,333,1,
2019-12-07 10:30:00,52.27581,-49.2234,12,22,0,1,240,0.02,13.2,5,5.258,32.79,284.5,90.5,5.27,967.7,0.6,255,12,19,341,1,
2019-12-07 11:30:00,52.30935,-49.24704,41,24,0,1,270,0.02,13.3,6,6.03,33.49,279,90.5,6.05,968.3,0.8,250,11,14,39,1,
2019-12-07 12:30:00,52.33971,-49.28229,12,26,0,1,270,0.02,13.4,6,6.226,33.69,277.3,90.5,6.25,970.9,1,245,12,16,344,1,
2019-12-07 13:30:00,52.37268,-49.32696,12,28,0,1,350,0.02,13.6,6,6.134,33.6,279.2,90.5,6.15,970.1,1,265,11,12,343,1,
2019-12-07 14:30:00,52.40907,-49.37349,12,30,0,1,260,0.02,13.8,6,6.205,33.67,277.6,90.5,6.23,968.2,0.8,255,10,14,339,1,
2019-12-07 15:30:00,52.44483,-49.42281,17,32,0,1,350,0.02,13.9,6,5.588,33.07,283.2,91,5.6,968.9,0.5,260,9,12,343,1,
2019-12-07 16:30:00,52.48566,-49.46205,13,34,0,1,350,0.02,14,6,5.745,33.22,281.8,90.5,5.76,977.3,0.6,260,11,12,10,1,
2019-12-07 17:30:00,52.52958,-49.49943,40,36,0,1,320,0.02,14,6,5.64,33.15,282.5,90.5,5.66,985.6,0.3,280,10,14,343,1,
2019-12-07 18:30:00,52.57269,-49.52304,12,38,0,1,350,0.02,14.1,6,5.749,33.27,280.3,90.5,5.77,992.4,0.6,260,12,15,2,1,
2019-12-07 19:30:00,52.61481,-49.55061,71,40,0,1,290,0.02,13.9,7,6.593,34.09,273.9,90,6.61,989.7,0.3,260,10,12,344,1,
2019-12-07 20:30:00,52.65351,-49.57881,12,42,0,2,270,0.02,13.6,6,6.639,34.14,271.3,89,6.66,990.3,0,250,8,10,340,1,
2019-12-07 21:30:00,52.69059,-49.59213,41,44,0,1,380,0.022,13.5,7,5.916,33.4,277.7,90,5.93,991,0,0,6,6,342,0,
2019-12-07 22:30:00,52.72581,-49.58778,41,46,0,3,270,0.02,13.4,7,6.413,33.92,274.6,90,6.43,988.7,-0.3,240,5,6,2,1,
2019-12-07 23:30:00,52.75479,-49.58568,13,48,0,1,350,0.02,13.4,6,7.042,34.57,268.9,89.5,7.06,1007,0.4,230,6,7,36,1,
2019-12-08 00:30:00,52.77705,-49.5969,11,50,0,1,220,0.02,13.3,6,7.041,34.55,269.6,89.5,7.07,991,0.4,225,4,7,6,1,
2019-12-08 01:30:00,52.79511,-49.59945,12,52,0,1,330,0.022,13.3,6,6.866,34.37,270.9,89.5,6.89,991.7,0.4,250,2,3,354,1,
2019-12-08 02:30:00,52.80639,-49.60416,13,54,0,1,240,0.02,13.3,6,6.862,34.36,271.1,89.5,6.9,984.3,-0.7,245,2,4,60,1,
2019-12-08 03:30:00,52.80432,-49.60692,12,56,0,1,200,0.02,13.3,5,6.876,34.35,271,89.5,6.9,982.5,-1.2,300,1,3,170,1,
2019-12-08 04:30:00,52.79565,-49.62882,12,58,0,2,240,0.022,13.3,5,6.84,34.32,271,89.5,6.87,983.4,-1.4,295,4,6,255,1,
2019-12-08 05:30:00,52.78737,-49.67199,41,0,0,1,290,0.02,13.3,6,6.816,34.31,271.1,89.5,6.84,982.6,-1.4,290,8,10,251,1,
2019-12-08 06:30:00,52.78221,-49.71747,12,2,0,1,250,0.02,13.3,7,6.976,34.48,270.3,89.5,7.01,983.3,-1,300,6,9,251,1,
2019-12-08 07:30:00,52.77291,-49.75887,15,4,0,1,230,0.02,13.3,7,6.962,34.48,270.8,89.5,6.99,983.5,-0.7,285,10,13,247,1,
2019-12-08 08:30:00,52.76076,-49.78959,12,6,0,1,230,0.02,13.3,7,6.953,34.48,270.2,89.5,6.98,985.8,-0.7,270,10,13,37,1,
2019-12-08 09:30:00,52.79316,-49.7991,12,8,0,1,240,0.02,13.3,7,6.955,34.48,271.6,90,6.98,985,-0.9,265,10,12,343,1,
2019-12-08 10:30:00,52.82385,-49.80843,12,10,0,1,330,0.02,13.3,7,6.981,34.5,269.8,89.5,7,984.7,-0.9,250,12,15,320,1,
2019-12-08 11:30:00,52.85013,-49.81728,12,12,0,1,260,0.02,13.3,7,6.948,34.48,269.6,89.5,6.98,983.3,-1.5,245,10,13,320,1,
2019-12-08 12:30:00,52.87116,-49.83339,12,14,0,1,350,0.02,13.3,7,5.438,32.94,283,90.5,5.45,985.6,-2,255,9,12,326,1,
2019-12-08 13:30:00,52.89162,-49.84761,13,16,0,1,340,0.02,13.4,6,5.105,32.63,285.6,90.5,5.13,988.1,-1.6,250,10,12,316,1,
2019-12-08 14:30:00,52.91112,-49.86774,12,18,0,1,280,0.02,13.5,5,4.99,32.55,286.2,90.5,5.01,991.9,-2.2,245,10,14,300,1,
2019-12-08 15:30:00,52.92834,-49.90116,13,20,0,1,350,0.02,13.9,5,4.968,32.53,287.7,91,4.98,994.5,-1.9,0,8,8,312,0,
2019-12-08 16:30:00,52.94313,-49.93389,12,22,0,1,270,0.02,14,5,5.1,32.65,287.1,91,5.12,993.6,-1.9,260,12,15,326,1,
2019-12-08 17:30:00,52.96233,-49.97136,41,24,0,1,380,0.02,14,5,4.518,32.13,293.1,91.5,4.53,994.2,-2,0,11,11,314,0,
2019-12-08 18:30:00,52.98363,-50.00274,12,26,0,1,240,0.02,13.9,5,4.571,32.19,291.9,91.5,4.58,993.7,-1.9,275,9,11,330,1,
2019-12-08 19:30:00,53.00832,-50.02686,13,28,0,2,260,0.02,13.7,5,4.716,32.34,290.1,91,4.73,994.4,-2,280,7,9,326,1,
2019-12-08 20:30:00,53.03226,-50.05257,12,30,0,1,280,0.02,13.5,5,4.73,32.35,288.7,91,4.75,993.2,-2.1,260,7,9,322,1,
2019-12-08 21:30:00,53.0547,-50.07516,12,32,0,1,350,0.02,13.4,5,4.787,32.42,288.2,90.5,4.81,996.2,-1.6,0,12,12,346,0,
2019-12-08 22:30:00,53.08083,-50.08713,13,34,0,1,270,0.022,13.4,5,4.766,32.41,288.5,91,4.78,994.8,-1.5,275,8,10,336,1,
2019-12-08 23:30:00,53.10612,-50.091,12,36,0,1,280,0.02,13.3,5,4.388,32.09,291.2,91,4.4,995.8,-1.5,280,9,11,349,1,
2019-12-09 00:30:00,53.12454,-50.10147,12,38,0,2,250,0.02,13.3,5,4.753,32.38,288.3,90.5,4.76,993.5,-0.7,270,7,10,337,1,
2019-12-09 01:30:00,53.14302,-50.11611,12,40,0,2,350,0.02,13.3,5,4.713,32.36,288,90.5,4.73,1001.3,-0.1,0,9,9,318,0,
2019-12-09 02:30:00,53.16069,-50.11338,12,42,0,1,330,0.02,13.3,5,4.553,32.22,289.8,90.5,4.57,1002.6,0.2,300,6,7,31,1,
2019-12-09 03:30:00,53.17614,-50.10393,15,44,0,1,260,0.02,13.3,5,4.584,32.26,290.2,91,4.59,1003.4,0,315,10,13,23,1,
2019-12-09 04:30:00,53.19279,-50.09244,12,46,0,1,300,0.022,13.3,5,4.594,32.26,290.6,91,4.61,1002.4,0,305,10,12,5,1,
2019-12-09 05:30:00,53.21091,-50.08953,15,48,0,1,270,0.02,13.3,5,4.592,32.26,290.5,91,4.61,998.6,-0.5,310,7,10,5,1,
2019-12-09 06:30:00,53.23131,-50.09811,12,50,0,2,230,0.02,13.3,5,4.591,32.26,289.9,91,4.61,997.4,-0.6,285,8,11,352,1,
2019-12-09 07:30:00,53.25414,-50.11143,12,52,0,1,230,0.02,13.2,5,4.597,32.27,291.6,91.5,4.61,996.2,-1.2,295,7,8,346,1,
2019-12-09 08:30:00,53.27679,-50.1249,13,54,0,2,240,0.02,13.2,5,4.676,32.32,287.9,90.5,4.69,994.9,-1.4,245,7,12,354,1,
2019-12-09 09:30:00,53.2995,-50.14806,11,56,0,1,240,0.02,13.3,5,4.802,32.43,286.8,90.5,4.82,995.2,-1.4,265,8,9,347,1,
2019-12-09 10:30:00,53.32056,-50.1762,12,58,0,1,230,0.02,13.3,5,4.717,32.33,288.5,90.5,4.73,994.2,-1.8,255,8,10,324,1,
2019-12-09 11:30:00,53.34012,-50.20575,41,0,0,1,260,0.02,13.3,5,4.693,32.29,289.8,91,4.72,993.2,-1.4,245,9,11,320,1,
2019-12-09 12:30:00,53.35794,-50.2389,59,2,0,1,400,0.02,13.4,5,4.708,32.31,289.6,91,4.73,995.3,-1.1,245,10,11,312,1,
2019-12-09 13:30:00,53.37426,-50.27388,13,4,0,1,330,0.02,13.4,5,4.789,32.41,289.9,91,4.8,999.6,-0.4,230,12,15,299,1,
2019-12-09 14:30:00,53.38842,-50.31156,41,6,0,1,270,0.02,13.4,5,4.799,32.42,289.8,91,4.82,1000.1,-0.2,230,11,14,310,1,
2019-12-09 15:30:00,53.40117,-50.34819,13,8,0,1,350,0.02,13.9,5,4.786,32.41,288.8,91,4.8,1005,0.1,260,11,12,290,1,
2019-12-09 16:30:00,53.41698,-50.37735,12,10,0,1,280,0.02,13.9,5,4.783,32.4,288.5,91,4.8,1001.4,0.1,250,12,15,325,1,
2019-12-09 17:30:00,53.43567,-50.39919,40,12,0,1,380,0.02,14,5,4.823,32.44,287.4,90.5,4.84,1002,-0.3,265,11,17,320,1,
2019-12-09 18:30:00,53.45124,-50.41926,11,14,0,2,290,0.02,14.1,5,4.81,32.42,291,91.5,4.82,1000.3,-0.5,275,12,15,355,1,
2019-12-09 19:30:00,53.46585,-50.43888,12,16,0,1,350,0.02,13.8,5,4.891,32.48,287.6,91,4.91,1000.2,-0.6,270,11,15,358,1,
2019-12-09 20:30:00,53.4825,-50.46189,12,18,0,1,230,0.02,13.6,5,4.945,32.52,289.3,91.5,4.96,999.7,-0.6,275,11,13,346,1,
2019-12-09 21:30:00,53.49894,-50.47683,12,20,0,1,240,0.02,13.5,5,4.896,32.46,288.2,91,4.92,1000.2,-0.8,270,10,12,298,1,
2019-12-09 22:30:00,53.5164,-50.49204,40,22,0,1,240,0.02,13.4,5,4.948,32.51,288.2,91,4.96,997.9,-1,285,8,10,348,1,
2019-12-09 23:30:00,53.53626,-50.5092,41,24,0,1,260,0.022,13.4,5,4.953,32.52,286.7,90.5,4.97,998.5,-0.7,280,8,10,352,1,
2019-12-10 00:30:00,53.5584,-50.52561,12,26,0,1,240,0.02,13.3,5,4.988,32.56,286.4,90.5,5.01,1004.6,-0.7,290,9,11,5,1,
2019-12-10 01:30:00,53.58231,-50.5425,21,28,0,1,270,0.02,13.3,5,4.984,32.55,287,91,5,1000.2,-0.8,280,9,11,347,1,
2019-12-10 02:30:00,53.607,-50.56224,12,30,0,1,230,0.02,13.3,5,5.123,32.69,285.6,90.5,5.14,999.5,-0.5,265,7,10,1,1,
2019-12-10 03:30:00,53.63301,-50.57763,13,32,0,2,350,0.02,13.3,5,5.228,32.82,284.7,90.5,5.24,1002.1,-0.4,0,9,9,330,0,
2019-12-10 04:30:00,53.66088,-50.58519,14,34,0,1,260,0.02,13.3,6,5.183,32.77,285.5,90.5,5.2,999.7,-0.8,285,8,11,351,1,
2019-12-10 05:30:00,53.68719,-50.58522,12,36,0,1,350,0.02,13.3,5,5.372,32.96,283.3,90.5,5.38,998.9,-1.2,290,8,11,345,1,
2019-12-10 06:30:00,53.71059,-50.5839,13,38,0,1,200,0.02,13.3,6,4.767,32.46,288.2,90.5,4.78,994.8,-1.8,285,8,10,348,1,
2019-12-10 07:30:00,53.72532,-50.58882,13,40,0,1,230,0.02,13.3,5,4.634,32.34,289.3,90.5,4.65,995.4,-1.9,280,6,7,346,1,
2019-12-10 08:30:00,53.73429,-50.60151,11,42,0,2,210,0.02,13.3,5,4.592,32.31,289.3,90.5,4.61,996.5,-1.7,250,5,6,331,1,
2019-12-10 09:30:00,53.74005,-50.61717,11,44,0,1,230,0.02,13.3,5,4.543,32.26,289.8,90.5,4.56,997.1,-1.6,250,4,5,306,1,
2019-12-10 10:30:00,53.74053,-50.63931,11,46,0,1,210,0.02,13.3,4,4.658,32.35,288.9,90.5,4.68,999.1,-0.8,200,4,7,310,1,
2019-12-10 11:30:00,53.73456,-50.67417,41,48,0,1,380,0.02,13.3,5,4.721,32.41,289.2,91,4.73,1004.2,0,190,6,8,284,1,
2019-12-10 12:30:00,53.72625,-50.7144,41,50,0,1,360,0.022,13.3,5,4.685,32.38,289,90.5,4.7,1003.7,0.1,180,8,10,255,1,
2019-12-10 13:30:00,53.71641,-50.75736,12,52,0,1,230,0.022,13.3,5,4.671,32.36,289.6,91,4.68,1002.3,0,165,10,13,233,1,
2019-12-10 14:30:00,53.71452,-50.76483,13,54,0,1,350,0.022,13.3,5,4.664,32.35,289.8,91,4.68,1007,0.8,0,11,11,104,0,
2019-12-10 15:30:00,53.71752,-50.76621,14,56,0,1,230,0.02,13.3,5,4.656,32.35,290.7,91,4.67,1011.5,2.3,170,12,15,264,1,
2019-12-10 16:30:00,53.70957,-50.82984,12,58,0,1,240,0.02,13.3,5,5.324,32.92,284.5,90.5,5.33,1007.8,3.2,165,12,15,243,1,
2019-12-10 17:30:00,53.70744,-50.89464,15,0,0,1,230,0.022,13.3,5,4.921,32.57,290.4,91.5,4.93,1000.7,3.3,175,17,20,242,1,
2019-12-10 18:30:00,53.71293,-50.95701,14,2,0,1,230,0.022,13.3,5,4.67,32.35,291.8,91.5,4.68,998.2,3.5,195,15,22,266,1,
2019-12-10 19:30:00,53.73543,-50.96556,11,4,0,1,230,0.022,13.3,5,4.533,32.24,291.1,91,4.55,996.2,3.6,220,15,47,279,1,
2019-12-10 20:30:00,53.75598,-50.98782,18,6,0,1,240,0.02,13.3,5,4.254,32.02,293.9,91.5,4.27,993.9,3.4,205,16,22,145,1,
2019-12-10 21:30:00,53.75892,-50.95113,12,8,0,1,270,0.02,13.2,5,4.326,32.08,291.9,91,4.34,993.3,3.2,235,16,19,290,1,
2019-12-10 22:30:00,53.78187,-50.98668,13,10,0,1,230,0.02,13.3,5,4.252,32.02,293.3,91,4.26,989.6,2.6,235,14,17,339,1,
2019-12-10 23:30:00,53.80542,-51.01149,11,12,0,1,230,0.02,13.2,5,3.434,31.07,299.7,91.5,3.45,987.8,2.1,240,13,15,307,1,
2019-12-11 00:30:00,53.8194,-51.0435,12,14,0,2,350,0.02,13.3,4,3.429,31.02,298,90.5,3.44,989.4,1.9,240,12,15,307,1,
2019-12-11 01:30:00,53.83668,-51.08316,12,16,0,1,240,0.02,13.2,4,3.561,31.18,296.1,90.5,3.57,988.1,1.8,245,12,15,338,1,
2019-12-11 02:30:00,53.85525,-51.12693,12,18,0,1,230,0.02,13.2,4,3.464,31.08,297.4,90.5,3.47,988.7,1.8,230,12,14,307,1,
2019-12-11 03:30:00,53.87658,-51.17409,12,20,0,1,230,0.02,13.2,4,3.449,31.08,297.6,90.5,3.46,988.3,1.9,230,10,12,304,1,
2019-12-11 04:30:00,53.89773,-51.22935,12,22,0,1,240,0.02,13.2,4,3.445,31.06,297.6,90.5,3.45,988.6,1.8,230,11,14,307,1,
2019-12-11 05:30:00,53.92059,-51.28794,13,24,0,1,240,0.02,13.2,4,3.09,30.62,299.5,90.5,3.1,990,2.2,225,12,15,328,1,
2019-12-11 06:30:00,53.94636,-51.34389,12,26,0,1,260,0.02,13.3,4,3.425,31.04,296.1,90,3.43,991.1,2.3,235,12,14,339,1,
2019-12-11 07:30:00,53.97621,-51.39237,14,28,0,2,240,0.022,13.2,4,3.666,31.36,294.8,90.5,3.68,990.7,2.2,235,14,17,332,1,
2019-12-11 08:30:00,54.00381,-51.43782,12,30,0,1,210,0.022,13.2,4,3.741,31.45,294.4,90.5,3.75,966.6,2.1,75,14,19,309,1,
2019-12-11 09:30:00,54.03315,-51.48681,12,32,0,1,270,0.02,13.2,4,3.725,31.42,294.4,90.5,3.74,989.8,1.8,240,13,14,323,1,
2019-12-11 10:30:00,54.06387,-51.531,41,34,0,1,260,0.022,13.2,4,3.928,31.66,291.8,90,3.94,989,1.7,245,12,15,325,1,
2019-12-11 11:30:00,54.0921,-51.56913,12,36,0,1,270,0.02,13.2,4,3.986,31.75,291.8,90,4,989.4,1.7,250,11,13,326,1,
2019-12-11 12:30:00,54.1242,-51.57165,11,38,0,2,350,0.02,13.3,4,3.994,31.76,292,90,4.01,985.8,0.4,280,10,12,29,1,
2019-12-11 13:30:00,54.15486,-51.55806,12,40,0,1,240,0.02,13.3,4,4.048,31.82,293.1,90.5,4.06,975.7,-1.7,285,11,14,354,1,
2019-12-11 14:30:00,54.17019,-51.55455,64,42,0,1,300,0.02,13.4,5,4.065,31.84,293.1,90.5,4.08,973.8,-1.6,260,13,18,5,1,
2019-12-11 15:30:00,54.19842,-51.56472,12,44,0,1,270,0.02,13.5,4,4.028,31.81,294.4,91,4.04,970.7,-2.8,265,13,18,53,1,
2019-12-11 16:30:00,54.22575,-51.57519,12,46,0,1,230,0.02,13.5,4,3.724,31.47,297.1,91,3.74,969.9,-3.2,255,11,16,346,1,
2019-12-11 17:30:00,54.25161,-51.59646,12,48,0,1,240,0.02,13.5,4,3.691,31.43,297,91,3.71,970.3,-3.2,215,10,17,347,1,
2019-12-11 18:30:00,54.28134,-51.61929,13,50,0,1,260,0.02,13.4,4,3.742,31.49,297,91,3.76,971.7,-2.4,275,14,20,345,1,
2019-12-11 19:30:00,54.31287,-51.64641,39,52,0,1,290,0.022,13.4,5,3.722,31.47,297.7,91.5,3.74,971.9,-2.8,270,14,20,5,1,
2019-12-11 20:30:00,54.33297,-51.64743,12,54,0,1,230,0.022,13.3,4,3.641,31.37,297.6,91,3.66,973.1,-2.2,275,14,19,343,1,
2019-12-11 21:30:00,54.32697,-51.62214,14,56,0,1,350,0.022,13.3,4,3.709,31.45,298.5,91.5,3.73,973.5,-2.9,255,14,18,191,1,
2019-12-11 23:30:00,54.31494,-51.59421,12,0,0,1,230,0.02,13.3,4,3.746,31.51,296.8,91,3.77,972,-3.2,240,15,19,215,1,
2019-12-12 00:30:00,54.3333,-51.55098,131,2,0,2,470,0.02,13.3,5,3.847,31.62,296.7,91.5,3.86,972.8,-3.4,275,17,22,39,1,
2019-12-12 01:30:00,54.34026,-51.51444,12,4,0,2,270,0.02,13.3,4,3.859,31.63,299.1,92,3.88,971.4,-3.3,275,16,19,215,1,
2019-12-12 02:30:00,54.303,-51.4704,71,6,0,3,410,0.02,13.3,5,4.111,31.93,292.2,90.5,4.14,974,-3.3,240,11,24,204,1,
2019-12-12 03:30:00,54.26952,-51.46146,12,8,0,1,350,0.02,13.3,4,4.03,31.83,295.2,91,4.05,974.6,-2.8,0,15,15,226,0,
2019-12-12 04:30:00,54.26709,-51.41919,71,10,0,1,410,0.02,13.3,5,4.136,31.97,292.9,91,4.16,972.6,-3.2,295,9,12,221,1,
2019-12-12 05:30:00,54.2409,-51.41034,12,12,0,1,240,0.022,13.3,4,4.065,31.89,293.7,91,4.1,973.3,-3.5,105,9,16,233,1,
2019-12-12 06:30:00,54.20721,-51.40242,12,14,0,1,350,0.02,13.3,4,3.99,31.81,294.1,91,4.02,973.8,-3.9,115,12,16,219,1,
2019-12-12 07:30:00,54.16833,-51.4092,13,16,0,1,240,0.02,13.2,4,4.013,31.83,294.1,91,4.03,972.8,-4,40,13,13,160,1,
2019-12-12 08:30:00,54.13248,-51.38112,18,18,0,1,270,0.02,13.3,4,4.165,31.98,291.2,90.5,4.19,973.5,-4,100,8,9,214,1,
2019-12-12 09:30:00,54.10983,-51.36609,15,20,0,2,230,0.022,13.3,4,4.076,31.88,292.6,90.5,4.1,967.6,-4.8,255,6,7,119,1,
2019-12-12 10:30:00,54.0972,-51.34431,12,22,0,1,230,0.02,13.2,3,3.927,31.69,294.9,91,3.95,967.9,-4.8,100,5,8,101,1,
2019-12-12 11:30:00,54.0918,-51.32217,12,24,0,1,260,0.022,13.3,3,3.737,31.11,299,92,3.75,967.3,-4.5,225,10,13,113,1,
2019-12-12 12:30:00,54.08721,-51.30069,41,26,0,1,200,0.02,13.2,3,3.59,31.29,299.8,91.5,3.6,966,-4.5,260,6,8,102,1,
2019-12-12 13:30:00,54.08847,-51.28356,12,28,0,1,230,0.022,13.3,3,3.571,31.27,301.2,92,3.59,967.3,-4.5,5,5,7,82,1,
2019-12-12 14:30:00,54.09039,-51.25806,12,30,0,1,230,0.02,13.4,2,3.581,31.28,300.8,92,3.6,967.3,-4.8,260,13,16,92,1,
2019-12-12 15:30:00,54.0909,-51.2292,65,32,0,1,290,0.02,13.5,3,3.606,31.3,299.2,91.5,3.62,965.8,-5.5,220,14,19,114,1,
2019-12-12 16:30:00,54.08955,-51.19548,11,34,0,1,200,0.02,13.7,2,3.685,31.4,297.5,91,3.7,965.4,-4.9,340,6,9,106,1,
2019-12-12 17:30:00,54.09177,-51.15582,14,36,0,3,180,0.02,13.8,2,3.752,31.49,296.7,91,3.78,963.9,-5.4,245,9,17,83,1,
2019-12-12 18:30:00,54.08589,-51.11748,11,38,0,1,210,0.02,14.1,2,3.79,31.53,296.6,91,3.81,967.2,-4.4,160,3,6,133,1,
2019-12-12 19:30:00,54.08136,-51.07443,12,40,0,1,200,0.02,13.8,2,3.853,31.61,296.1,91,3.87,964.2,-5.4,55,2,4,79,1,
2019-12-12 20:30:00,54.07707,-51.03354,12,42,0,1,120,0.02,13.7,2,3.893,31.66,296.2,91.5,3.91,961.9,-5.8,10,4,6,83,1,
2019-12-12 21:30:00,54.07074,-50.99847,13,44,0,1,150,0.02,13.6,2,3.924,31.7,296.1,91.5,3.94,964.1,-5.2,35,2,3,85,1,
2019-12-12 22:30:00,54.06558,-50.96697,12,46,0,1,180,0.02,13.5,2,3.934,31.71,297.1,91.5,3.95,965.4,-4.8,5,3,3,68,1,
2019-12-12 23:30:00,54.05859,-50.93619,12,48,0,1,120,0.022,13.4,2,3.893,31.67,296.4,91.5,3.91,964.8,-5.2,35,1,3,115,1,
2019-12-13 00:30:00,54.04755,-50.90208,12,50,0,1,120,0.02,13.4,2,3.85,31.62,298.1,91.5,3.87,962.6,-5.4,70,1,2,131,1,
2019-12-13 01:30:00,54.03885,-50.86791,12,52,0,2,140,0.02,13.4,2,3.929,31.72,298.2,92,3.95,963.9,-5.5,220,1,2,161,1,
2019-12-13 02:30:00,54.03129,-50.83518,65,54,0,1,180,0.022,13.4,3,3.968,31.71,297.6,92,4,961.8,-5.8,175,3,5,107,1,
2019-12-13 03:30:00,54.02943,-50.80425,12,56,0,1,120,0.02,13.4,2,4.006,31.83,296.2,91.5,4.02,962.9,-5.5,200,3,3,62,1,
2019-12-13 04:30:00,54.03054,-50.76921,41,58,0,1,200,0.02,13.3,3,3.982,31.81,296.9,91.5,4,961.5,-6.1,135,3,4,81,1,
2019-12-13 05:30:00,54.03381,-50.7375,13,0,0,1,180,0.02,13.3,2,3.991,31.82,297.2,92,4,962.1,-5.6,180,3,4,68,1,
2019-12-13 06:30:00,54.03357,-50.70324,41,2,0,1,170,0.02,13.3,3,4.01,31.84,298.9,92.5,4.03,958.7,-5.7,215,4,5,100,1,
2019-12-13 07:30:00,54.02988,-50.66823,13,4,0,1,200,0.02,13.3,2,4.116,31.89,297.3,92,4.15,961.6,-5.8,155,3,3,123,1,
2019-12-13 08:30:00,54.03405,-50.63175,14,6,0,1,230,0.022,13.3,2,4.104,31.92,295.5,91.5,4.12,969.1,-5.2,120,5,6,55,1,
2019-12-13 09:30:00,54.03603,-50.59761,12,8,0,1,350,0.02,13.3,2,4.058,31.89,296.5,91.5,4.07,962.8,-5.7,140,6,7,58,1,
2019-12-13 10:30:00,54.03543,-50.56398,12,10,0,1,350,0.02,13.3,2,4.108,31.92,295.4,91.5,4.12,964,-5.8,0,5,5,14,0,
2019-12-13 11:30:00,54.03633,-50.53284,41,12,0,1,380,0.022,13.3,3,4.213,32.02,295.9,92,4.23,964.9,-5.4,0,7,7,236,0,
2019-12-13 12:30:00,54.03498,-50.49741,12,14,0,1,350,0.022,13.3,2,4.201,31.66,294.2,91.5,4.23,964.2,-5.7,0,6,6,272,0,
2019-12-13 13:30:00,54.03483,-50.46015,12,16,0,1,350,0.02,13.5,3,4.181,31.96,295.7,91.5,4.2,968.3,-4.4,0,10,10,230,0,
2019-12-13 14:30:00,54.0342,-50.42145,12,18,0,1,350,0.02,13.5,3,4.189,31.99,297.2,92,4.2,969.6,-4.2,0,3,3,294,0,
2019-12-13 15:30:00,54.03189,-50.38569,41,20,0,1,380,0.02,13.9,3,4.095,31.87,295.2,91.5,4.1,971.2,-4,0,4,4,183,0,
2019-12-13 16:30:00,54.03057,-50.3595,12,22,0,1,350,0.02,13.9,3,4.111,31.87,295.2,91.5,4.12,1004,-3.2,0,2,2,264,0,
2019-12-13 17:30:00,54.01446,-50.34318,14,24,0,1,270,0.02,14,4,4.332,31.8,295.2,92,4.34,1007.4,-1.6,315,18,22,274,1,
2019-12-13 18:30:00,53.99823,-50.32194,12,26,0,1,260,0.02,14.1,3,4.401,32.14,295.1,92,4.42,1007.2,-1,315,19,25,252,1,
2019-12-13 19:30:00,53.98944,-50.30283,12,28,0,1,230,0.02,13.8,4,4.602,32.14,292.8,92,4.62,1006.3,-1.2,310,15,21,256,1,
2019-12-13 20:30:00,53.98167,-50.29155,12,30,0,3,310,0.022,13.6,4,4.566,31.83,295.5,92.5,4.59,1006.8,-2.2,305,15,21,17,1,
2019-12-13 21:30:00,53.97828,-50.28237,12,32,0,1,350,0.022,13.4,4,4.674,32.27,294,92.5,4.7,1005.3,-2.4,320,18,19,14,1,
2019-12-13 22:30:00,53.97909,-50.2692,12,34,0,1,260,0.02,13.4,4,4.942,32.09,290.9,92,4.97,1003.8,-3,300,12,15,16,1,
2019-12-13 23:30:00,53.98134,-50.2509,13,36,0,1,230,0.022,13.3,4,4.773,32.3,293.9,92.5,4.8,999.7,-3.5,295,14,18,9,1,
2019-12-14 00:30:00,53.98428,-50.23032,11,38,0,2,240,0.02,13.3,4,4.634,32.13,295.1,92.5,4.66,1000.7,-4.2,290,9,12,353,1,
2019-12-14 01:30:00,53.98977,-50.20605,41,40,0,1,270,0.02,13.3,4,4.951,31.98,292.5,92.5,4.97,996.8,-4.2,320,20,25,7,1,
2019-12-14 02:30:00,53.99508,-50.18115,13,42,0,1,230,0.022,13.3,4,5.558,31.45,286.5,92,5.57,997.1,-4.4,255,19,24,3,1,
2019-12-14 03:30:00,53.99994,-50.15274,41,44,0,1,300,0.02,13.3,4,5.866,33.5,280.7,90.5,5.89,998.2,-4.4,295,10,15,16,1,
2019-12-14 04:30:00,54.00396,-50.12847,13,46,0,1,210,0.02,13.3,4,6.132,33.77,277,90,6.16,995.9,-4.3,310,15,21,22,1,
2019-12-14 05:30:00,54.00663,-50.10474,41,48,0,1,260,0.02,13.3,5,6.348,33.21,275.8,90,6.38,995.9,-3.9,350,12,23,0,1,
2019-12-14 06:30:00,54.00849,-50.08623,12,50,0,1,230,0.02,13.3,4,6.51,33.84,274.1,90,6.53,995.6,-4,300,14,17,351,1,
2019-12-14 07:30:00,54.01179,-50.07006,13,52,0,1,200,0.022,13.3,5,6.57,34.23,270.7,89,6.58,996.2,-4.2,290,16,23,3,1,
2019-12-14 08:30:00,54.01488,-50.05569,12,54,0,1,210,0.02,13.3,5,6.574,34.22,272.8,89.5,6.61,997.2,-4.3,290,15,22,14,1,
2019-12-14 09:30:00,54.01938,-50.04273,11,56,0,1,240,0.02,13.3,4,6.557,34.14,273.9,90,6.6,999.4,-4,305,12,15,23,1,
2019-12-14 10:30:00,54.02442,-50.03049,15,58,0,1,230,0.02,13.3,5,6.605,33.79,274,90,6.63,998.1,-4.2,305,6,11,6,1,
2019-12-14 11:30:00,54.02955,-50.01423,13,0,0,1,230,0.02,13.3,5,6.588,34.19,274.4,90,6.63,998.2,-3.8,275,10,15,360,1,
2019-12-14 12:30:00,54.0339,-49.99854,41,2,0,1,260,0.02,13.3,5,6.579,34.19,272,89.5,6.62,1002.7,-4,310,10,14,20,1,
2019-12-14 13:30:00,54.03711,-49.98318,12,4,0,1,210,0.02,13.4,5,6.607,34.14,271,89,6.64,998.7,-3.8,175,27,44,343,1,
2019-12-14 14:30:00,54.0402,-49.96827,12,6,0,1,240,0.02,13.7,5,6.626,33.75,272.5,89.5,6.64,997.2,-4.4,255,19,25,8,1,
2019-12-14 15:30:00,54.04161,-49.95207,12,8,0,1,270,0.02,13.9,5,6.557,34.2,270.8,89,6.61,996.4,-4,335,9,23,356,1,
2019-12-14 16:30:00,54.04287,-49.93284,14,10,0,2,230,0.02,14,5,6.508,33.72,273.2,89.5,6.54,996.7,-4.2,275,7,13,2,1,
2019-12-14 17:30:00,54.04326,-49.9155,13,12,0,1,210,0.02,13.9,5,6.409,34.06,272.7,89,6.44,995.9,-4.7,250,5,10,7,1,
2019-12-14 18:30:00,54.04077,-49.89894,12,14,0,1,230,0.02,13.8,4,6.393,34.04,271.1,88.5,6.42,996.5,-4.4,285,8,10,358,1,
2019-12-14 19:30:00,54.0387,-49.8834,13,16,0,1,140,0.02,13.7,4,6.416,34.07,270.8,88.5,6.44,995.4,-4.4,285,7,12,10,1,
2019-12-14 20:30:00,54.0363,-49.87065,13,18,0,1,240,0.02,13.6,4,6.418,34.07,269.3,88,6.44,998.4,-4,270,6,12,8,1,
2019-12-14 21:30:00,54.03429,-49.85886,12,20,0,1,230,0.02,13.5,5,6.357,33.97,268.6,88,6.38,998.4,-4,315,13,18,10,1,
2019-12-14 22:30:00,54.0306,-49.84887,13,22,0,1,210,0.02,13.4,5,6.298,33.7,270.6,88.5,6.33,999.8,-4,290,8,12,17,1,
2019-12-14 23:30:00,54.0273,-49.83903,12,24,0,1,210,0.02,13.4,4,6.183,33.82,270.9,88,6.2,1005.8,-4.1,290,13,18,338,1,
2019-12-15 00:30:00,54.0234,-49.83054,12,26,0,1,290,0.022,13.4,5,6.103,33.74,270.8,88,6.13,1006.5,-4.1,225,5,7,355,1,
2019-12-15 01:30:00,54.01998,-49.82322,15,28,0,1,180,0.02,13.3,5,5.995,33.63,271.6,88,6.01,1004.4,-4,35,10,16,6,1,
2019-12-15 02:30:00,54.01608,-49.81641,12,30,0,1,230,0.022,13.3,4,5.829,33.47,271.5,87.5,5.85,1005.3,-4.2,280,7,14,335,1,
2019-12-15 03:30:00,54.01215,-49.8111,12,32,0,1,260,0.02,13.3,4,5.729,33.36,272.6,88,5.75,1004.6,-4.5,310,8,11,326,1,
2019-12-15 04:30:00,54.00645,-49.80651,13,34,0,1,230,0.022,13.3,4,5.695,33.33,273,88,5.72,1004.3,-4.5,320,7,10,4,1,
2019-12-15 05:30:00,53.99964,-49.80444,12,36,0,1,270,0.02,13.3,4,5.618,33.26,273.7,88,5.64,1004.2,-4.5,335,6,9,25,1,
2019-12-15 06:30:00,53.99454,-49.80579,12,38,0,1,200,0.02,13.3,3,5.592,33.25,274.4,88,5.6,1003.4,-4.3,320,6,9,327,1,
2019-12-15 07:30:00,53.99208,-49.80786,12,40,0,1,180,0.022,13.3,3,5.61,33.25,273.8,88,5.63,1004.4,-4.2,265,5,8,294,1,
2019-12-15 08:30:00,53.99166,-49.81014,12,42,0,1,210,0.02,13.3,4,5.67,33.32,273.4,88,5.69,1005.5,-4.3,250,2,3,313,1,
2019-12-15 09:30:00,53.99229,-49.81407,12,44,0,1,230,0.02,13.3,4,5.668,33.33,273,88,5.7,1004.4,-4.2,215,2,4,215,1,
2019-12-15 10:30:00,53.99304,-49.81719,41,46,0,1,240,0.02,13.3,4,5.671,33.33,273,88,5.7,1005.7,-4,225,2,3,243,1,
2019-12-15 11:30:00,53.99268,-49.82232,12,48,0,1,240,0.02,13.3,3,5.708,33.38,272.3,87.5,5.73,1007.3,-3.6,160,6,9,229,1,
2019-12-15 12:30:00,53.99157,-49.82904,12,50,0,1,240,0.022,13.3,4,5.611,33.26,273.5,88,5.63,1009.9,-3.2,100,5,7,195,1,
2019-12-15 13:30:00,53.98857,-49.83954,12,52,0,1,200,0.02,13.4,4,5.618,33.25,274.1,88,5.63,1011.5,-2.5,95,6,7,200,1,
2019-12-15 14:30:00,53.98521,-49.85313,12,54,0,1,230,0.02,13.5,4,5.668,33.28,273.3,88,5.69,1014,-1.6,120,11,13,189,1,
2019-12-15 15:30:00,53.98305,-49.86732,18,56,0,1,360,0.02,13.6,4,5.781,33.31,272.9,88,5.8,1016.8,-0.7,110,10,12,209,1,
2019-12-15 16:30:00,53.98389,-49.88415,12,58,0,1,240,0.02,14.1,4,5.924,33.47,271.5,88,5.96,1012.7,-0.7,115,13,15,177,1,
2019-12-15 17:30:00,53.98572,-49.90407,13,0,0,2,210,0.02,13.9,5,5.944,33.58,273.5,88.5,5.97,1012.9,-0.3,100,13,19,188,1,
2019-12-15 18:30:00,53.99022,-49.92693,11,2,0,1,230,0.02,13.8,5,5.963,33.52,273.7,88.5,5.97,1011.5,0.3,100,15,19,186,1,
2019-12-15 19:30:00,53.99823,-49.95183,42,4,0,1,270,0.02,13.6,6,6.379,33.84,271.6,89,6.39,1005.3,0.6,105,15,19,181,1,
2019-12-15 20:30:00,54.00846,-49.97817,12,6,0,2,240,0.02,13.5,6,6.463,33.97,271.6,89,6.49,1004,1.1,100,16,20,179,1,
2019-12-15 21:30:00,54.02115,-50.00241,12,8,0,1,290,0.02,13.4,6,6.459,33.55,271.5,89,6.48,1002,1.3,105,17,21,176,1,
2019-12-15 22:30:00,54.03558,-50.02635,13,10,0,1,240,0.02,13.4,6,6.451,34.1,272,89,6.47,998.4,1.7,110,17,22,185,1,
2019-12-15 23:30:00,54.05346,-50.04639,14,12,0,1,230,0.02,13.3,6,6.461,33.64,271.5,89,6.49,996.4,1.8,110,15,18,196,1,
2019-12-16 00:30:00,54.07089,-50.06427,12,14,0,1,210,0.022,13.3,6,6.427,30.36,274.2,89.5,6.44,996,2.2,110,18,24,189,1,
2019-12-16 01:30:00,54.0888,-50.08053,12,16,0,1,240,0.02,13.3,6,6.311,33.68,274.2,89.5,6.33,990.3,2.7,115,15,19,190,1,
2019-12-16 02:30:00,54.10614,-50.09715,41,18,0,1,270,0.022,13.3,7,6.142,33.45,276,89.5,6.16,987,3.1,115,12,18,175,1,
2019-12-16 03:30:00,54.12507,-50.11053,12,20,0,1,210,0.02,13.3,6,6.029,33.45,277.6,90,6.04,986.8,2.9,120,17,20,181,1,
2019-12-16 04:30:00,54.14253,-50.12589,12,22,0,1,270,0.02,13.3,6,5.842,32.64,279.7,90.5,5.85,980.9,3,30,17,20,174,1,
2019-12-16 05:30:00,54.1611,-50.14332,41,24,0,1,260,0.02,13.3,6,5.119,32.14,286.4,91,5.15,977.9,3,100,17,21,180,1,
2019-12-16 06:30:00,54.1797,-50.16108,13,26,0,1,290,0.022,13.3,6,4.637,32.1,290.1,91,4.65,975.8,3.1,110,16,19,186,1,
2019-12-16 07:30:00,54.19767,-50.17452,12,28,0,1,230,0.022,13.3,5,4.419,32.08,290.6,90.5,4.43,979.1,3.8,125,11,12,186,1,
2019-12-16 08:30:00,54.21468,-50.17593,12,30,0,1,260,0.022,13.3,5,4.41,32.06,290.7,90.5,4.42,972.3,2.9,195,8,10,263,1,
2019-12-16 09:30:00,54.22938,-50.16138,12,32,0,1,270,0.02,13.3,5,4.421,32.08,290.3,90.5,4.43,970.1,2.1,215,7,10,311,1,
2019-12-16 10:30:00,54.24456,-50.1414,41,34,0,1,320,0.02,13.3,5,4.417,32.06,290.5,90.5,4.43,968.4,1.7,215,8,10,209,1,
2019-12-16 11:30:00,54.26022,-50.12214,12,36,0,1,210,0.022,13.2,5,4.47,31.96,290.8,91,4.48,965.4,0.9,220,11,14,307,1,
2019-12-16 12:30:00,54.27519,-50.10261,12,38,0,1,230,0.022,13.3,4,4.564,32.22,289.4,90.5,4.57,964.6,0.5,220,10,14,307,1,
2019-12-16 13:30:00,54.2904,-50.08431,12,40,0,1,230,0.022,13.4,5,4.656,32.31,288.6,90.5,4.66,964.8,0.8,225,7,10,304,1,
2019-12-16 14:30:00,54.30378,-50.06688,14,42,0,1,350,0.022,13.5,4,4.701,32.36,288.5,90.5,4.71,966.8,0.4,220,11,14,284,1,
2019-12-16 15:30:00,54.31566,-50.04966,14,44,0,1,230,0.02,13.6,5,4.897,32.45,286.6,90.5,4.92,963.1,0.1,235,9,12,306,1,
2019-12-16 16:30:00,54.32547,-50.03361,15,46,0,1,260,0.02,14,4,5.042,32.68,285,90,5.06,962.9,0,245,7,10,295,1,
2019-12-16 17:30:00,54.33462,-50.02164,11,48,0,1,210,0.02,14,4,5.346,32.98,282,90,5.36,962,-0.2,255,4,7,316,1,
2019-12-16 18:30:00,54.34425,-50.01273,12,50,0,1,210,0.02,14.1,5,5.416,33,281.1,90,5.43,960.2,-0.3,225,3,6,310,1,
2019-12-16 19:30:00,54.35487,-50.00538,12,52,0,1,260,0.02,13.9,4,5.446,33.09,280.8,90,5.46,958.7,-0.5,250,7,10,307,1,
2019-12-16 20:30:00,54.36705,-49.99782,11,54,0,1,350,0.02,13.7,4,5.409,33.05,280.8,89.5,5.42,961.2,-0.4,225,5,8,294,1,
2019-12-16 21:30:00,54.37986,-49.99314,11,56,0,1,210,0.02,13.5,5,5.398,33.04,280.8,89.5,5.42,959.4,-0.6,230,6,9,262,1,
2019-12-16 22:30:00,54.39315,-49.98837,13,58,0,1,260,0.022,13.4,4,5.37,33.02,281.3,90,5.39,962.1,-0.6,190,5,8,272,1,
2019-12-16 23:30:00,54.40692,-49.9845,12,0,0,1,240,0.02,13.4,4,5.382,33.05,280.7,89.5,5.4,960,-0.4,195,6,8,286,1,
2019-12-17 00:30:00,54.4218,-49.98138,41,2,0,1,260,0.02,13.4,5,5.331,32.97,281.4,89.5,5.35,958,-1,185,6,7,271,1,
2019-12-17 01:30:00,54.43644,-49.97547,15,4,0,1,350,0.022,13.3,4,5.253,32.9,282,90,5.27,960.2,-0.9,0,5,5,243,0,
2019-12-17 02:30:00,54.45066,-49.9665,12,6,0,1,230,0.022,13.3,4,5.129,32.78,283.2,90,5.14,955.7,-0.8,165,5,8,196,1,
2019-12-17 03:30:00,54.46434,-49.9575,12,8,0,1,240,0.022,13.3,4,4.949,32.52,284.7,90,4.95,959.5,-0.7,150,7,10,217,1,
2019-12-17 04:30:00,54.47619,-49.94721,12,10,0,1,270,0.02,13.3,4,4.61,32.26,287.4,90,4.63,960,-1,175,6,9,235,1,
2019-12-17 05:30:00,54.48636,-49.93692,11,12,0,1,230,0.022,13.3,4,4.508,32.15,288.5,90,4.52,957.8,-0.9,155,4,7,141,1,
2019-12-17 06:30:00,54.49377,-49.93041,12,14,0,1,240,0.02,13.3,4,4.478,32.14,288.7,90,4.49,959.6,-0.4,150,5,8,217,1,
2019-12-17 07:30:00,54.49983,-49.93056,41,16,0,1,260,0.02,13.3,4,4.517,32.18,288.2,90,4.54,959.8,-0.6,145,6,9,235,1,
2019-12-17 08:30:00,54.50712,-49.93488,12,18,0,1,210,0.02,13.3,4,4.566,32.23,288,90,4.57,961.4,-0.5,255,4,7,250,1,
2019-12-17 09:30:00,54.51486,-49.94232,41,20,0,1,210,0.022,13.3,4,4.572,32.23,287.9,90,4.59,959.2,-0.3,125,5,8,229,1,
2019-12-17 10:30:00,54.5217,-49.95096,11,22,0,1,210,0.022,13.3,4,4.623,32.28,287.4,90,4.64,961.6,0.2,115,3,5,168,1,
2019-12-17 11:30:00,54.52842,-49.9626,12,24,0,1,230,0.02,13.3,3,4.723,32.38,286.5,90,4.73,964,0.4,120,4,5,178,1,
2019-12-17 12:30:00,54.53595,-49.97361,12,26,0,1,230,0.02,13.4,4,5.067,32.74,283.5,90,5.07,964.1,0.7,105,4,7,162,1,
2019-12-17 13:30:00,54.54291,-49.98354,12,28,0,1,210,0.02,13.6,4,5.406,33.1,280.1,89.5,5.39,968.7,2.5,85,3,5,176,1,
2019-12-17 14:30:00,54.54801,-49.99317,12,30,0,1,290,0.02,13.8,4,5.169,32.83,281.3,89.5,5.23,969.3,1.6,55,6,7,136,1,
2019-12-17 15:30:00,54.55086,-50.00187,12,32,0,1,250,0.02,14,5,4.999,32.64,284.2,90,5.01,970.3,1.4,60,6,7,127,1,
2019-12-17 16:30:00,54.55176,-50.00397,59,34,0,1,270,0.02,13.9,5,5.171,32.82,282.4,89.5,5.19,970,1.6,35,6,9,105,1,
2019-12-17 17:30:00,54.55044,-50.00454,12,36,0,1,230,0.02,13.9,5,5.101,32.75,283,90,5.13,967,1,25,7,10,112,1,
2019-12-17 18:30:00,54.54858,-50.00484,16,38,0,1,240,0.02,13.9,5,4.703,32.35,287.1,90,4.71,967.9,1.1,10,7,10,83,1,
2019-12-17 19:30:00,54.54711,-50.00397,12,40,0,1,300,0.02,13.7,4,4.658,32.31,287.7,90.5,4.67,968.5,1.3,10,7,10,55,1,
2019-12-17 20:30:00,54.54492,-50.00202,12,42,0,1,230,0.02,13.6,4,4.786,32.42,286.5,90,4.8,966,1,5,7,9,73,1,
2019-12-17 21:30:00,54.54279,-50.00226,12,44,0,1,270,0.02,13.5,4,4.839,32.48,286.1,90,4.85,969.9,1.9,65,7,10,143,1,
2019-12-17 22:30:00,54.54195,-50.01513,14,46,0,1,240,0.02,13.4,5,4.835,32.49,286.2,90,4.85,969.5,2.2,60,5,9,143,1,
2019-12-17 23:30:00,54.54114,-50.03142,13,48,0,1,190,0.022,13.4,5,4.768,32.41,286.6,90,4.78,970.1,2.1,55,8,10,124,1,
2019-12-18 00:30:00,54.54276,-50.05032,11,50,0,2,290,0.02,13.4,5,4.581,32.16,288,90,4.59,971.7,2.1,55,9,11,125,1,
2019-12-18 01:30:00,54.54528,-50.06748,13,52,0,1,230,0.022,13.3,5,4.601,32.24,288.5,90.5,4.61,969.1,2.1,55,9,12,127,1,
2019-12-18 02:30:00,54.54777,-50.08419,41,54,0,1,260,0.02,13.3,5,4.593,32.16,289.3,90.5,4.6,970.8,2.2,45,11,15,142,1,
2019-12-18 03:30:00,54.5496,-50.10156,12,56,0,1,230,0.02,13.3,5,4.577,32.14,289.2,90.5,4.59,971.5,2.3,55,11,14,126,1,
2019-12-18 04:30:00,54.54954,-50.11884,12,58,0,1,260,0.022,13.3,5,4.653,32.31,289.2,90.5,4.66,973.1,2.7,60,11,13,128,1,
2019-12-18 05:30:00,54.54834,-50.13372,41,0,0,1,290,0.02,13.3,5,4.823,32.29,288.4,91,4.83,972.9,2.6,60,10,13,130,1,
2019-12-18 06:30:00,54.5472,-50.15022,13,2,0,1,260,0.022,13.3,5,4.875,32.46,288.1,91,4.89,973.1,2.7,65,12,15,138,1,
2019-12-18 07:30:00,54.54639,-50.16915,15,4,0,1,230,0.022,13.3,5,5.017,32.56,285.3,90.5,5.03,972.3,2.6,70,12,15,131,1,
2019-12-18 08:30:00,54.54681,-50.18916,12,6,0,1,230,0.02,13.3,5,4.875,32.42,287.9,91,4.89,972.6,2.6,75,15,20,133,1,
2019-12-18 09:30:00,54.54744,-50.2104,12,8,0,1,240,0.022,13.3,5,4.71,32.24,289,91,4.72,974.2,2.7,80,11,17,139,1,
2019-12-18 10:30:00,54.54858,-50.23071,13,10,0,1,240,0.022,13.3,5,4.977,32.08,286.6,90.5,4.99,971.8,2.8,80,14,17,144,1,
2019-12-18 11:30:00,54.55002,-50.25288,12,12,0,1,230,0.022,13.3,5,5.139,32.42,286.1,91,5.15,973.5,2.5,70,15,20,144,1,
2019-12-18 12:30:00,54.55398,-50.27508,12,14,0,1,230,0.02,13.3,5,4.946,32.59,288.9,91.5,4.96,974.6,2.6,70,12,17,143,1,
2019-12-18 13:30:00,54.55899,-50.29596,12,16,0,1,290,0.02,13.4,5,4.723,32.36,289.9,91,4.74,976.2,2.4,65,13,17,162,1,
2019-12-18 14:30:00,54.56385,-50.31522,12,18,0,1,210,0.02,13.8,5,4.508,32.09,291.1,91,4.52,972.7,2.6,75,12,16,155,1,
2019-12-18 15:30:00,54.56784,-50.33475,12,20,0,1,330,0.02,13.8,5,4.286,31.55,292.7,91,4.3,974.1,1.9,80,12,15,153,1,
2019-12-18 16:30:00,54.57093,-50.35269,41,22,0,1,260,0.02,14,5,4.135,31.86,294.2,91,4.15,971.5,1.6,60,12,15,118,1,
2019-12-18 17:30:00,54.57216,-50.36751,13,24,0,1,240,0.02,14,5,4.105,31.89,294.9,91.5,4.12,971.7,1.8,75,11,15,133,1,
2019-12-18 18:30:00,54.57291,-50.37909,11,26,0,1,260,0.02,13.9,4,4.11,31.83,294.8,91.5,4.12,969.8,1.8,75,11,13,132,1,
2019-12-18 19:30:00,54.57435,-50.38956,13,28,0,1,240,0.02,13.7,4,4.101,31.88,295.3,91.5,4.12,970.5,1.5,80,13,16,157,1,
2019-12-18 20:30:00,54.57654,-50.39865,13,30,0,1,270,0.02,13.5,4,4.104,31.76,295,91.5,4.12,971.4,1.6,70,11,12,148,1,
2019-12-18 21:30:00,54.5781,-50.40675,13,32,0,1,260,0.02,13.5,4,4.094,30.52,293.8,91,4.11,969.5,1.3,60,10,12,131,1,
2019-12-18 22:30:00,54.57861,-50.415,14,34,0,1,350,0.022,13.4,4,4.065,31.83,294.7,91,4.08,971.6,1.3,0,11,11,135,0,
2019-12-18 23:30:00,54.57873,-50.42535,14,36,0,2,230,0.02,13.4,4,4.049,31.84,294.8,91,4.07,968.8,1.2,70,9,13,143,1,
2019-12-19 00:30:00,54.579,-50.43666,12,38,0,2,200,0.022,13.3,4,4.024,31.81,294.3,91,4.04,970.2,1.3,60,9,12,173,1,
2019-12-19 01:30:00,54.57792,-50.44809,12,40,0,1,260,0.02,13.3,4,4,31.81,295,91,4.01,968.8,1.3,65,10,11,137,1,
2019-12-19 02:30:00,54.57618,-50.45988,11,42,0,1,230,0.02,13.3,4,3.984,31.65,294.7,91,4,969.6,1.4,65,9,12,148,1,
2019-12-19 03:30:00,54.57465,-50.47221,12,44,0,1,230,0.02,13.3,4,3.965,31.79,293.8,90.5,3.98,969.5,1.2,65,9,12,147,1,
2019-12-19 04:30:00,54.57306,-50.48508,41,46,0,1,230,0.022,13.3,4,3.944,31.05,294.3,91,3.96,968.2,1,80,9,10,136,1,
2019-12-19 05:30:00,54.57156,-50.49633,14,48,0,1,230,0.02,13.3,4,3.92,31.76,294.2,90.5,3.93,968.9,1.3,60,8,10,129,1,
2019-12-19 06:30:00,54.5691,-50.50734,12,50,0,1,240,0.02,13.3,4,3.89,31.73,295.3,91,3.9,969.4,1.4,65,9,12,143,1,
2019-12-19 07:30:00,54.56541,-50.51763,12,52,0,1,260,0.02,13.3,4,3.86,31.71,295.2,91,3.88,971.3,1.4,60,10,12,120,1,
2019-12-19 08:30:00,54.5604,-50.52846,41,54,0,1,260,0.022,13.3,4,3.838,31.68,294.5,90.5,3.85,968.5,1.2,60,11,13,140,1,
2019-12-19 09:30:00,54.55563,-50.54067,12,56,0,1,240,0.022,13.3,4,3.823,31.66,295,90.5,3.83,970.6,1.3,70,7,8,155,1,
2019-12-19 10:30:00,54.55269,-50.55651,41,58,0,1,270,0.022,13.2,4,3.801,31.66,294.9,90.5,3.81,968,0.8,65,10,12,140,1,
2019-12-19 11:30:00,54.54996,-50.57058,12,0,0,1,210,0.02,13.2,4,3.784,31.65,296.6,91,3.8,967.6,0.6,65,11,14,123,1,
2019-12-19 12:30:00,54.54852,-50.58513,12,2,0,1,200,0.02,13.3,4,3.765,31.56,294.9,90.5,3.78,966.8,1.3,65,8,11,150,1,
2019-12-19 13:30:00,54.54546,-50.59983,41,4,0,1,260,0.02,13.5,5,3.758,31.63,295.5,90.5,3.77,969.4,1.3,70,10,12,155,1,
2019-12-19 14:30:00,54.54213,-50.613,14,6,0,1,230,0.02,13.7,4,3.74,31.58,295.6,90.5,3.75,966.8,1,65,9,10,145,1,
2019-12-19 15:30:00,54.53745,-50.62338,12,8,0,1,260,0.02,13.9,4,3.722,31.58,295.9,91,3.74,970.8,1.4,55,10,12,127,1,
2019-12-19 16:30:00,54.53157,-50.63394,40,10,0,1,270,0.02,13.8,4,3.696,31.56,295.1,90.5,3.71,969.9,1.2,65,8,10,132,1,
2019-12-19 17:30:00,54.52464,-50.64423,11,12,0,1,230,0.02,14,4,3.678,31.55,296.4,91,3.69,969,1.1,65,11,13,147,1,
2019-12-19 18:30:00,54.51582,-50.65485,49,14,0,1,260,0.02,14,4,3.662,31.51,296.1,90.5,3.68,968.3,0.9,60,9,11,91,1,
2019-12-19 19:30:00,54.50628,-50.6658,12,16,0,1,230,0.02,13.8,3,3.708,31.47,295.8,90.5,3.72,967.4,0.8,55,10,12,122,1,
2019-12-19 20:30:00,54.49686,-50.67786,14,18,0,1,230,0.02,13.6,4,3.756,31.62,294.9,90.5,3.77,969.2,0.9,60,9,11,129,1,
2019-12-19 21:30:00,54.48765,-50.69154,11,20,0,1,240,0.02,13.5,4,3.785,31.64,295.6,91,3.8,971.7,1,65,8,12,140,1,
2019-12-19 22:30:00,54.47976,-50.70636,12,22,0,1,240,0.022,13.4,4,3.811,31.48,294.7,90.5,3.82,968.4,0.9,65,11,17,140,1,
2019-12-19 23:30:00,54.47265,-50.72532,13,24,0,1,240,0.022,13.4,4,3.799,31.64,295.2,90.5,3.82,963.5,0.4,65,11,13,149,1,
2019-12-20 00:30:00,54.46665,-50.74518,12,26,0,1,210,0.022,13.3,3,3.819,31.67,294.8,90.5,3.83,968.1,0.8,50,10,13,124,1,
2019-12-20 01:30:00,54.46092,-50.76441,12,28,0,1,240,0.022,13.3,4,3.818,30.31,295.5,91,3.83,967.2,0.6,60,9,11,141,1,
2019-12-20 02:30:00,54.45741,-50.78193,13,30,0,1,210,0.022,13.3,3,3.825,31.68,295.6,91,3.84,965,0.6,45,12,14,119,1,
2019-12-20 03:30:00,54.4539,-50.79483,41,32,0,2,260,0.022,13.3,4,3.818,31.68,295.1,90.5,3.83,968.2,0.6,45,8,10,118,1,
2019-12-20 04:30:00,54.44796,-50.80527,13,34,0,1,240,0.022,13.3,3,3.774,31.47,294.4,90.5,3.79,968.1,0.8,45,11,13,120,1,
2019-12-20 05:30:00,54.44112,-50.81559,41,36,0,1,340,0.022,13.3,4,3.754,31.63,294.7,90.5,3.77,967.8,0.7,45,9,12,106,1,
2019-12-20 06:30:00,54.43005,-50.82213,13,38,0,1,320,0.022,13.3,4,3.742,31.3,295.3,90.5,3.76,969.8,0.9,50,10,12,118,1,
2019-12-20 07:30:00,54.41679,-50.83155,13,40,0,1,350,0.02,13.3,4,3.708,31.58,295.5,90.5,3.72,969.9,0.8,0,10,10,112,0,
2019-12-20 08:30:00,54.40194,-50.84253,41,42,0,1,260,0.02,13.3,4,3.719,31.58,295.1,90.5,3.73,967.7,0.9,40,10,12,85,1,
2019-12-20 09:30:00,54.38655,-50.85645,21,44,0,1,260,0.02,13.3,4,3.734,31.6,294.8,90.5,3.75,970,1,30,9,12,117,1,
2019-12-20 10:30:00,54.3726,-50.8767,12,46,0,1,210,0.02,13.3,3,3.734,31.6,296,91,3.75,967.2,0.6,30,11,13,96,1,
2019-12-20 11:30:00,54.36051,-50.89635,12,48,0,1,210,0.02,13.3,4,3.706,31.48,296,90.5,3.72,967.9,0.6,30,10,13,95,1,
2019-12-20 12:30:00,54.34968,-50.91567,12,50,0,1,270,0.022,13.3,4,3.743,31.6,295.5,90.5,3.75,970.2,0.9,25,8,10,92,1,
2019-12-20 13:30:00,54.33978,-50.93493,12,52,0,2,260,0.02,13.4,4,3.76,31.6,295.3,90.5,3.77,971.5,0.9,280,8,10,109,1,
2019-12-20 14:30:00,54.33147,-50.95101,12,54,0,1,230,0.02,13.7,4,3.77,31.18,295.7,91,3.78,968.8,0.8,45,10,12,93,1,
2019-12-20 15:30:00,54.32226,-50.96247,16,56,0,1,350,0.02,13.9,4,3.775,31.53,296,91,3.79,968.9,0.9,15,11,14,101,1,
2019-12-20 16:30:00,54.31248,-50.97375,12,58,0,1,230,0.02,13.9,4,3.745,31.62,295.6,90.5,3.76,969.5,0.9,20,11,12,93,1,
2019-12-20 17:30:00,54.30084,-50.97735,12,0,0,2,230,0.02,13.9,4,3.739,31.61,295.3,90.5,3.75,968.2,0.7,10,9,11,89,1,
2019-12-20 18:30:00,54.28626,-50.97876,12,2,0,1,230,0.02,14,4,3.723,31.57,296.4,91,3.74,969,0.9,10,10,13,107,1,
2019-12-20 19:30:00,54.26928,-50.97864,41,4,0,1,290,0.02,13.9,4,3.693,31.55,295,90.5,3.71,968.4,0.5,10,10,12,78,1,
2019-12-20 20:30:00,54.25326,-50.97951,12,6,0,1,240,0.02,13.6,4,3.701,31.57,295.7,90.5,3.71,968.4,0.8,10,9,12,67,1,
2019-12-20 21:30:00,54.23769,-50.98215,12,8,0,1,260,0.022,13.5,4,3.715,31.58,294.9,90.5,3.73,968.8,0.7,15,8,11,72,1,
2019-12-20 22:30:00,54.2229,-50.98629,12,10,0,1,270,0.022,13.4,3,3.725,31.57,294.5,90.5,3.74,966.8,0.2,30,7,11,100,1,
2019-12-20 23:30:00,54.21183,-50.98962,12,12,0,1,210,0.02,13.4,3,3.724,31.58,294.9,90.5,3.74,966.7,0.4,350,9,10,73,1,
2019-12-21 00:30:00,54.20163,-50.98749,12,14,0,1,240,0.02,13.3,3,3.705,31.58,294.4,90.5,3.72,966,0.2,360,7,9,55,1,
2019-12-21 01:30:00,54.19155,-50.98434,12,16,0,1,240,0.02,13.3,3,3.705,31.57,294.7,90.5,3.72,967.5,0.3,0,7,9,40,1,
2019-12-21 02:30:00,54.18156,-50.98344,12,18,0,1,270,0.022,13.3,3,3.714,31.58,294.6,90.5,3.73,966.7,0.1,5,6,8,77,1,
2019-12-21 03:30:00,54.17268,-50.98302,15,20,0,1,230,0.02,13.3,3,3.614,31.48,295.5,90.5,3.63,967.2,0.2,340,9,10,65,1,
2019-12-21 04:30:00,54.1641,-50.982,12,22,0,1,240,0.02,13.3,3,3.582,31.45,295.7,90.5,3.59,963.4,0.1,355,6,8,76,1,
2019-12-21 05:30:00,54.15741,-50.98119,13,24,0,1,270,0.02,13.3,3,3.589,31.45,295.9,90.5,3.6,965.3,0,355,5,7,46,1,
2019-12-21 06:30:00,54.15042,-50.97741,13,26,0,1,270,0.02,13.3,3,3.582,31.44,296,90.5,3.6,967.1,0.2,350,8,11,40,1,
2019-12-21 07:30:00,54.14214,-50.97318,41,28,0,1,320,0.02,13.3,3,3.597,31.34,296.5,90.5,3.62,967.8,0.4,335,8,11,37,1,
2019-12-21 08:30:00,54.1341,-50.96727,12,30,0,1,230,0.022,13.3,3,3.618,31.47,296.1,90.5,3.63,966,0.1,340,6,8,35,1,
2019-12-21 09:30:00,54.12438,-50.95839,13,32,0,1,340,0.022,13.3,4,3.62,31.48,297,91,3.63,966,-0.1,330,8,10,40,1,
2019-12-21 10:30:00,54.11352,-50.9481,13,34,0,1,260,0.02,13.3,3,3.623,31.33,296.9,91,3.64,963.9,-0.6,330,10,13,26,1,
2019-12-21 11:30:00,54.10164,-50.93694,14,36,0,1,230,0.02,13.3,3,3.616,31.46,297.1,91,3.63,961.6,-1.2,335,10,13,40,1,
2019-12-21 12:30:00,54.09099,-50.92377,11,38,0,1,230,0.02,13.3,3,3.61,31.28,297.6,91,3.62,959.7,-1.8,315,10,12,4,1,
2019-12-21 13:30:00,54.08076,-50.90796,12,40,0,1,330,0.02,13.3,3,3.606,31.07,297.6,91,3.63,959.4,-2.2,320,8,10,20,1,
2019-12-21 14:30:00,54.06963,-50.89728,13,42,0,1,210,0.02,13.4,3,3.585,31.43,296.2,90.5,3.61,955.8,-2.5,330,5,8,36,1,
2019-12-21 15:30:00,54.05868,-50.88663,11,44,0,2,350,0.02,13.6,3,3.608,31.45,296.1,90.5,3.62,958,-2.5,315,9,11,8,1,
2019-12-21 16:30:00,54.04737,-50.87583,12,46,0,1,200,0.02,13.9,3,3.625,30.85,296.2,90.5,3.64,995.4,-3,300,16,20,32,1,
2019-12-21 17:30:00,54.03696,-50.86239,41,48,0,1,270,0.02,14,3,3.616,30.98,296.4,90.5,3.63,995.2,-3.3,310,12,17,5,1,
2019-12-21 18:30:00,54.02757,-50.84721,12,50,0,1,260,0.02,14.1,3,3.641,31.49,296.6,91,3.66,994.6,-3.3,295,11,17,15,1,
2019-12-21 19:30:00,54.0198,-50.82684,12,52,0,1,350,0.02,13.9,3,3.629,31.47,296.5,91,3.65,994.7,-3.5,0,15,15,1,0,
2019-12-21 20:30:00,54.01356,-50.80479,14,54,0,1,240,0.02,13.6,3,3.648,31.44,295.7,90.5,3.66,993.6,-3.1,270,8,12,4,1,
2019-12-21 21:30:00,54.00777,-50.78256,12,56,0,1,240,0.02,13.5,3,3.641,31.48,296.5,91,3.66,996.4,-3,280,12,14,353,1,
2019-12-21 22:30:00,54.00282,-50.75631,41,58,0,1,290,0.02,13.4,3,3.677,30.29,295.6,90.5,3.7,997,-2.5,285,23,28,344,1,
2019-12-21 23:30:00,53.99511,-50.73345,14,0,0,1,230,0.02,13.4,3,3.69,31.54,296,90.5,3.71,999.9,-1.8,340,13,16,71,1,
2019-12-22 00:30:00,53.98125,-50.71959,14,2,0,1,260,0.02,13.3,3,3.701,31.41,294.8,90.5,3.72,1000.5,-1.4,325,9,11,39,1,
2019-12-22 01:30:00,53.96775,-50.7054,41,4,0,2,260,0.02,13.3,3,3.704,31.56,294.4,90.5,3.72,999.7,-1.9,325,10,12,43,1,
2019-12-22 02:30:00,53.95398,-50.69325,12,6,0,1,350,0.022,13.3,3,3.719,31.57,295.4,90.5,3.73,1001.2,-2,0,11,11,31,0,
2019-12-22 03:30:00,53.94177,-50.68398,13,8,0,1,240,0.02,13.3,3,3.705,31.56,295.7,90.5,3.72,1001.3,-2,330,11,13,47,1,
2019-12-22 04:30:00,53.9304,-50.67516,14,10,0,1,230,0.022,13.3,3,3.677,31.52,295.6,90.5,3.7,997.4,-2.3,315,9,12,27,1,
2019-12-22 05:30:00,53.92167,-50.6655,12,12,0,1,230,0.022,13.3,3,3.696,31.55,295.1,90.5,3.72,998.8,-2.5,330,9,11,37,1,
2019-12-22 06:30:00,53.91405,-50.65569,12,14,0,1,230,0.022,13.3,2,3.698,31.2,294.4,90.5,3.72,996.7,-2.5,310,9,11,17,1,
2019-12-22 07:30:00,53.90562,-50.64279,59,16,0,2,290,0.022,13.3,3,3.7,31.55,295.9,90.5,3.71,996.1,-2.9,300,10,13,8,1,
2019-12-22 08:30:00,53.89872,-50.625,12,18,0,1,210,0.022,13.3,3,3.735,31.23,296.9,91,3.75,997.7,-2.4,290,9,12,39,1,
2019-12-22 09:30:00,53.8902,-50.60838,15,20,0,1,230,0.02,13.3,3,3.868,31.65,295,91,3.89,995.8,-2.9,305,10,12,12,1,
2019-12-22 10:30:00,53.88267,-50.5935,13,22,0,1,240,0.02,13.3,3,3.927,31.66,294.3,91,3.96,995.8,-2.2,290,11,14,16,1,
2019-12-22 11:30:00,53.87607,-50.57901,41,24,0,1,240,0.022,13.3,3,3.984,31.73,294.7,91,4,998.7,-2,280,10,14,337,1,
2019-12-22 12:30:00,53.87058,-50.5677,13,26,0,1,230,0.02,13.4,3,4.009,31.74,293.4,90.5,4.03,997.2,-2.1,270,6,9,321,1,
2019-12-22 13:30:00,53.86545,-50.5629,40,28,0,1,270,0.02,13.4,3,4.026,31.76,292.8,90.5,4.04,998,-2.3,340,7,10,55,1,
2019-12-22 14:30:00,53.85972,-50.55927,16,30,0,1,330,0.02,13.7,3,4.062,31.76,293.4,90.5,4.08,1001.8,-1.8,320,13,15,35,1,
2019-12-22 15:30:00,53.85381,-50.55258,12,32,0,1,230,0.02,14,3,4.069,31.72,293.5,91,4.09,1000.8,-1.7,290,11,17,10,1,
2019-12-22 16:30:00,53.84991,-50.54376,41,34,0,1,270,0.02,13.8,4,4.084,31.81,293.1,90.5,4.11,998.3,-1.7,300,9,12,19,1,
2019-12-22 17:30:00,53.84661,-50.53461,12,36,0,1,230,0.02,14,3,4.168,31.89,292.7,91,4.19,998.3,-2.1,285,10,13,343,1,
2019-12-22 18:30:00,53.84295,-50.5242,12,38,0,1,260,0.02,14,3,4.247,31.96,291.5,90.5,4.27,997.9,-2,275,7,10,354,1,
2019-12-22 19:30:00,53.83842,-50.51631,14,40,0,1,350,0.02,13.9,3,4.278,31.92,290.4,90.5,4.31,1001.5,-1.7,280,9,11,336,1,
2019-12-22 20:30:00,53.83266,-50.5086,41,42,0,1,270,0.02,13.6,4,4.295,31.92,290.4,90.5,4.31,999.4,-1.7,300,12,14,353,1,
2019-12-22 21:30:00,53.82675,-50.49924,41,44,0,1,260,0.02,13.5,4,4.307,32.01,291.2,90.5,4.32,1008.9,-2,300,9,17,18,1,
2019-12-22 22:30:00,53.82096,-50.48898,12,46,0,1,230,0.02,13.4,3,4.294,31.96,291.1,90.5,4.31,1012.1,-1.2,280,12,15,15,1,
2019-12-22 23:30:00,53.8146,-50.47686,12,48,0,1,240,0.022,13.4,3,4.263,31.97,291.4,90.5,4.27,1009.6,-0.9,285,13,18,11,1,
2019-12-23 00:30:00,53.80785,-50.46591,13,50,0,1,210,0.02,13.4,4,4.167,31.04,293.4,91,4.18,1009.9,-0.8,275,12,14,337,1,
2019-12-23 01:30:00,53.80188,-50.45271,41,52,0,1,270,0.02,13.3,4,4.022,31.67,294.5,91,4.05,1006.9,-1,280,13,17,354,1,
2019-12-23 02:30:00,53.79732,-50.43789,59,54,0,1,290,0.02,13.3,4,4.024,31.76,294.7,91,4.04,1008.6,-0.8,275,15,20,357,1,
2019-12-23 03:30:00,53.79429,-50.4255,12,56,0,1,230,0.02,13.3,3,4.084,31.57,295,91.5,4.09,1007.3,-0.8,275,14,16,2,1,
2019-12-23 04:30:00,53.79327,-50.41356,41,58,0,1,290,0.022,13.3,4,4.266,31.97,293.6,91.5,4.29,1005.5,-0.5,285,14,19,348,1,
2019-12-23 05:30:00,53.79126,-50.40129,12,0,0,1,200,0.02,13.3,3,4.489,32.13,291.9,91,4.49,1008,-0.2,290,15,20,14,1,
2019-12-23 06:30:00,53.787,-50.38746,12,2,0,1,210,0.02,13.3,4,4.601,32.02,290.4,91,4.64,1004.8,0.3,295,12,15,27,1,
2019-12-23 07:30:00,53.78226,-50.37537,41,4,0,1,320,0.022,13.3,4,4.73,32.41,287.8,90.5,4.74,1010.6,0,295,14,17,7,1,
2019-12-23 08:30:00,53.77773,-50.36265,12,6,0,1,230,0.02,13.3,4,4.792,32.46,287.5,90.5,4.81,1005.3,-0.1,295,16,18,8,1,
2019-12-23 09:30:00,53.7717,-50.34999,12,8,0,1,210,0.022,13.3,4,4.841,32.49,287.4,90.5,4.86,1007.1,-0.1,290,14,17,3,1,
2019-12-23 10:30:00,53.76678,-50.33877,41,10,0,1,290,0.022,13.3,5,4.836,32.51,287.7,90.5,4.85,1006,0,285,13,16,346,1,
2019-12-23 11:30:00,53.76378,-50.32584,40,12,0,1,240,0.02,13.3,4,4.866,32.42,287.7,90.5,4.88,1005.1,0.1,280,13,18,354,1,
2019-12-23 12:30:00,53.76165,-50.31216,11,14,0,1,240,0.02,13.4,5,4.944,32.58,286.8,90.5,4.96,1008.8,0.2,280,13,19,351,1,
2019-12-23 13:30:00,53.76063,-50.29596,12,16,0,1,210,0.02,13.4,5,4.912,32.5,286.9,90.5,4.98,1002.4,-0.8,295,13,18,35,1,
2019-12-23 14:30:00,53.75997,-50.28171,12,18,0,1,210,0.02,13.5,4,5.009,32.67,285.2,90.5,5.03,1003.9,0,275,12,15,342,1,
2019-12-23 15:30:00,53.75919,-50.27259,12,20,0,1,200,0.02,13.9,4,5.031,32.69,285,90,5.04,1011.1,0.5,290,9,12,356,1,
2019-12-23 16:30:00,53.75703,-50.26548,41,22,0,1,240,0.02,13.9,5,5.035,32.7,284.2,90,5.05,1004.4,0,290,8,10,358,1,
2019-12-23 17:30:00,53.75667,-50.25783,12,24,0,1,240,0.02,13.9,4,5.004,32.66,284.4,90,5.01,1008.6,0.6,290,8,11,14,1,
2019-12-23 18:30:00,53.75529,-50.24901,14,26,0,1,210,0.02,13.9,5,4.98,32.65,284.3,90,5,1007.7,0.3,290,9,11,2,1,
2019-12-23 19:30:00,53.75355,-50.241,13,28,0,1,260,0.02,13.8,5,4.95,32.64,284.7,90,4.97,1009.4,0.5,280,8,11,15,1,
2019-12-23 20:30:00,53.75049,-50.23611,14,30,0,1,210,0.022,13.6,4,4.943,32.6,285.1,90,4.96,1008.6,0.5,295,10,12,35,1,
2019-12-23 21:30:00,53.74551,-50.22918,41,32,0,2,260,0.02,13.5,5,4.94,32.58,285.2,90,4.95,1007.3,0.5,290,11,13,360,1,
2019-12-23 22:30:00,53.74044,-50.22021,14,34,0,1,260,0.02,13.4,4,4.917,32.59,285.2,90,4.93,1008.2,0.8,300,7,9,38,1,
2019-12-23 23:30:00,53.73435,-50.21376,40,36,0,1,270,0.02,13.4,4,4.922,31.88,285,90,4.94,1007.1,0.4,310,7,10,10,1,
2019-12-24 00:30:00,53.72832,-50.20668,13,38,0,1,240,0.02,13.3,4,4.948,32.62,285.1,90,4.96,1008.3,0.5,310,9,12,31,1,
2019-12-24 01:30:00,53.72289,-50.19876,41,40,0,1,260,0.022,13.3,4,4.929,32.6,285.4,90,4.94,1006.9,0.5,295,9,12,346,1,
2019-12-24 02:30:00,53.71779,-50.18994,13,42,0,1,240,0.022,13.3,4,4.936,32.61,285,90,4.96,1007.9,0.4,305,9,13,21,1,
2019-12-24 03:30:00,53.71254,-50.18532,12,44,0,1,240,0.02,13.3,4,4.974,32.64,284.8,90,4.99,1007,0.1,315,12,15,32,1,
2019-12-24 04:30:00,53.70999,-50.17839,11,46,0,1,200,0.022,13.3,4,4.969,32.64,284.6,90,4.99,1005,0.2,305,10,12,4,1,
2019-12-24 05:30:00,53.70717,-50.17032,12,48,0,1,230,0.022,13.3,5,4.973,32.64,284.9,90,4.99,1006,0.2,285,9,12,8,1,
2019-12-24 06:30:00,53.70495,-50.16102,12,50,0,1,230,0.022,13.3,5,4.988,32.65,284.4,90,5,1007.6,0.3,300,7,9,24,1,
2019-12-24 07:30:00,53.70189,-50.15136,14,52,0,1,230,0.022,13.3,5,5.015,32.69,284.2,90,5.03,1008.1,0.6,305,9,10,3,1,
2019-12-24 08:30:00,53.69862,-50.14077,12,54,0,1,230,0.02,13.3,5,5.004,32.68,284.3,90,5.02,1005.6,0.1,295,8,10,20,1,
2019-12-24 09:30:00,53.69607,-50.13078,12,56,0,1,210,0.022,13.3,4,4.982,32.66,284.3,90,5,1007.4,0.3,320,9,11,31,1,
2019-12-24 10:30:00,53.69187,-50.12073,41,58,0,1,290,0.02,13.3,5,4.949,32.63,284.8,90,4.96,1006.4,0,330,6,7,0,1,
2019-12-24 11:30:00,53.68698,-50.1141,12,0,0,1,210,0.022,13.3,4,4.911,32.59,285,90,4.92,1004.6,0,30,8,11,108,1,
2019-12-24 12:30:00,53.68131,-50.11323,11,2,0,1,240,0.022,13.3,4,4.901,32.58,285.2,90,4.91,1006.2,0,75,6,8,131,1,
2019-12-24 13:30:00,53.6781,-50.11479,41,4,0,1,260,0.02,13.9,4,4.906,32.58,285.3,90,4.92,1008.1,0.7,35,3,5,121,1,
2019-12-24 14:30:00,53.6748,-50.11737,13,6,0,1,200,0.02,13.9,4,4.899,32.58,285.5,90,4.91,1008.2,0.8,55,11,14,134,1,
2019-12-24 15:30:00,53.67276,-50.12184,15,8,0,1,240,0.02,13.9,5,4.92,32.59,285.4,90,4.94,1008.8,1,45,6,8,120,1,
2019-12-24 16:30:00,53.67135,-50.12703,14,10,0,1,230,0.02,14,5,4.904,32.58,286.1,90.5,4.92,1011.3,1.3,45,8,10,124,1,
2019-12-24 17:30:00,53.67024,-50.13036,12,12,0,1,200,0.02,14,5,4.856,32.5,286.4,90.5,4.87,1009.7,0.8,25,10,12,124,1,
2019-12-24 18:30:00,53.66841,-50.13219,12,14,0,1,260,0.02,13.9,5,4.668,32.17,288.2,90.5,4.68,1005.9,0.1,20,10,11,81,1,
2019-12-24 19:30:00,53.66778,-50.13186,11,16,0,1,230,0.02,13.8,4,4.497,32.21,289.3,90.5,4.51,1001.4,-0.2,5,5,7,125,1,
2019-12-24 20:30:00,53.66874,-50.12691,12,18,0,1,230,0.02,13.6,4,4.466,32.18,289,90.5,4.49,1009.1,0.8,355,8,10,86,1,
2019-12-24 21:30:00,53.66685,-50.12154,12,20,0,1,240,0.02,13.5,4,4.542,32.23,289.3,90.5,4.56,1004.9,0,10,11,13,103,1,
2019-12-24 22:30:00,53.66496,-50.11242,12,22,0,1,330,0.02,13.4,5,4.621,32.24,288.7,90.5,4.63,1009.6,0.7,340,9,12,50,1,
2019-12-24 23:30:00,53.6607,-50.09817,15,24,0,1,350,0.02,13.4,4,4.664,32.35,288.5,90.5,4.68,1003.4,0.5,325,12,13,38,1,
2019-12-25 00:30:00,53.65536,-50.08314,41,26,0,1,290,0.02,13.3,5,4.69,32.38,288.4,90.5,4.7,1002.7,0.8,320,10,13,34,1,
2019-12-25 01:30:00,53.64993,-50.07306,41,28,0,1,290,0.02,13.3,5,4.77,32.44,287.8,90.5,4.78,1004.8,1.3,340,10,12,46,1,
2019-12-25 02:30:00,53.64531,-50.06637,12,30,0,1,230,0.02,13.3,4,4.828,32.5,286.4,90,4.84,1001.2,0.9,350,7,10,52,1,
2019-12-25 03:30:00,53.64303,-50.06625,12,32,0,1,260,0.02,13.3,4,4.879,32.53,285.7,90,4.89,994.7,1.5,290,6,9,77,1,
2019-12-25 04:30:00,53.64159,-50.07291,12,34,0,1,210,0.022,13.3,5,4.869,32.53,285.9,90,4.88,999.6,1.1,50,9,12,136,1,
2019-12-25 05:30:00,53.6439,-50.08641,12,36,0,1,230,0.02,13.3,4,4.749,32.42,287.1,90.5,4.76,998.8,1.3,40,9,11,77,1,
2019-12-25 06:30:00,53.64861,-50.09718,13,38,0,1,290,0.02,13.3,4,4.727,32.41,287.3,90.5,4.74,995.4,1.2,25,9,11,123,1,
2019-12-25 07:30:00,53.65398,-50.10345,41,40,0,2,290,0.02,13.3,5,4.74,32.42,287,90,4.75,998.7,1.5,40,9,10,97,1,
2019-12-25 08:30:00,53.65935,-50.10828,13,42,0,1,240,0.02,13.3,5,4.789,32.46,286.9,90.5,4.8,999.7,1.4,35,11,13,118,1,
2019-12-25 09:30:00,53.66466,-50.11191,42,44,0,1,240,0.022,13.3,5,4.809,32.47,287,90.5,4.82,1000.1,1.4,20,11,13,79,1,
2019-12-25 10:30:00,53.66856,-50.11245,13,46,0,1,270,0.022,13.3,5,4.813,32.47,286.8,90.5,4.83,1001.7,1.7,30,10,12,106,1,
2019-12-25 11:30:00,53.6691,-50.10762,41,48,0,1,240,0.022,13.3,5,4.852,32.52,286.7,90.5,4.87,996.5,1.3,25,12,14,98,1,
2019-12-25 12:30:00,53.66715,-50.10117,12,50,0,1,230,0.02,13.3,5,4.864,32.53,286.3,90.5,4.88,1000.8,1.5,20,9,10,70,1,
2019-12-25 13:30:00,53.66304,-50.09694,12,52,0,1,260,0.02,13.5,4,4.88,32.54,286.3,90.5,4.89,1000.5,1.5,20,9,11,108,1,
2019-12-25 14:30:00,53.65731,-50.09511,12,54,0,1,240,0.022,13.8,5,4.824,32.48,286.7,90.5,4.84,995.4,1.5,15,10,13,70,1,
2019-12-25 15:30:00,53.65308,-50.09259,13,56,0,1,350,0.02,13.8,5,4.924,32.59,285.6,90,4.94,998.7,1.6,15,10,13,97,1,
2019-12-25 16:30:00,53.64927,-50.09043,14,58,0,1,210,0.02,14,5,5.032,32.69,284.2,90,5.05,996.5,1.3,0,9,11,88,1,
2019-12-25 17:30:00,53.64669,-50.08947,41,0,0,1,200,0.02,14,5,5.107,32.77,283.4,90,5.12,995.9,1.2,20,9,12,91,1,
2019-12-25 18:30:00,53.6457,-50.09274,12,2,0,1,210,0.02,13.9,5,5.085,32.74,283.1,90,5.1,996.1,1.1,50,8,9,101,1,
2019-12-25 19:30:00,53.64579,-50.09853,12,4,0,1,240,0.02,13.7,5,5.114,32.78,282.9,89.5,5.13,996.4,1.1,35,9,10,102,1,
2019-12-25 20:30:00,53.64636,-50.10552,12,6,0,1,210,0.02,13.6,5,5.111,32.76,283,90,5.13,998.6,1.6,45,9,12,110,1,
2019-12-25 21:30:00,53.6466,-50.11404,11,8,0,1,350,0.02,13.5,5,5.124,32.78,283.7,90,5.14,997.6,1.2,45,11,14,119,1,
2019-12-25 22:30:00,53.64642,-50.12226,13,10,0,1,350,0.02,13.4,5,5.122,32.78,282.9,90,5.14,996.9,1.6,35,10,12,114,1,
2019-12-25 23:30:00,53.64618,-50.13009,41,12,0,1,350,0.022,13.4,6,5.143,32.8,282.8,90,5.16,998.2,1.7,40,11,17,118,1,
2019-12-26 00:30:00,53.64501,-50.13792,12,14,0,1,240,0.02,13.3,5,5.16,32.8,282.9,90,5.18,991.9,1,30,10,13,122,1,
2019-12-26 01:30:00,53.64249,-50.14212,12,16,0,1,240,0.022,13.3,5,5.247,32.81,281.9,89.5,5.26,995,1.8,35,13,16,109,1,
2019-12-26 02:30:00,53.63793,-50.14968,12,18,0,1,210,0.02,13.3,5,5.365,31.37,279.9,89.5,5.38,994.1,1.8,25,12,15,99,1,
2019-12-26 03:30:00,53.63223,-50.15802,12,20,0,1,230,0.02,13.3,5,5.445,33.07,279,89,5.46,994.8,1.8,25,13,15,88,1,
2019-12-26 04:30:00,53.62611,-50.16654,21,22,0,1,270,0.02,13.3,5,5.455,32.49,278.1,89,5.47,992.9,1.5,15,15,18,113,1,
2019-12-26 05:30:00,53.6196,-50.17698,59,24,0,1,300,0.02,13.3,6,5.481,32.12,278.6,89,5.5,995.6,1.7,50,14,20,80,1,
2019-12-26 06:30:00,53.61171,-50.19036,12,26,0,1,350,0.02,13.3,5,5.138,32.7,283.7,90,5.16,995.8,1.8,15,15,15,92,1,
2019-12-26 07:30:00,53.6028,-50.20881,14,28,0,1,240,0.02,13.3,5,5.039,32.45,283.6,90,5.06,991.7,1.3,15,15,21,100,1,
2019-12-26 08:30:00,53.59347,-50.22627,12,30,0,1,270,0.02,13.3,5,4.977,32.35,285.3,90,5,992.2,1.1,15,16,22,93,1,
2019-12-26 09:30:00,53.58414,-50.24232,37,32,0,3,270,0.02,13.2,5,5.067,32.44,284.1,90,5.08,994,1.9,25,16,24,112,1,
2019-12-26 10:30:00,53.5737,-50.26011,13,34,0,1,350,0.022,13.2,5,5.052,32.71,284.2,90,5.07,995.6,1.7,20,18,26,307,1,
2019-12-26 11:30:00,53.56257,-50.28192,59,36,0,1,300,0.02,13.3,6,4.984,32.46,284,90,4.99,995.3,1.7,25,18,22,89,1,
2019-12-26 12:30:00,53.55453,-50.30382,12,38,0,1,230,0.02,13.3,5,4.939,32.39,286.1,90.5,4.95,997.2,2.2,40,14,18,89,1,
2019-12-26 13:30:00,53.54679,-50.33049,40,40,0,1,380,0.022,13.3,5,4.921,32.46,286.9,90.5,4.93,998.5,1.9,0,21,21,90,0,
2019-12-26 14:30:00,53.53833,-50.35611,12,42,0,1,350,0.02,13.4,5,4.823,32.44,287.6,90.5,4.84,997.1,1.9,20,19,19,108,1,
2019-12-26 15:30:00,53.52849,-50.37975,13,44,0,1,330,0.022,13.6,5,4.703,31.72,289.2,91,4.72,996.7,1.6,25,17,21,112,1,
2019-12-26 16:30:00,53.51934,-50.40264,14,46,0,1,240,0.02,13.9,5,4.533,31.72,291.2,91,4.56,995.3,1.2,10,17,23,112,1,
2019-12-26 17:30:00,53.50824,-50.41959,12,48,0,1,210,0.02,13.9,5,4.354,31.11,294.6,92,4.38,994,1,15,17,21,95,1,
2019-12-26 18:30:00,53.49504,-50.43237,11,50,0,1,210,0.02,14,5,4.224,31.58,293.3,91,4.24,995.7,1.1,15,17,22,93,1,
2019-12-26 19:30:00,53.48136,-50.44071,12,52,0,1,350,0.02,13.9,5,4.183,31.76,294.4,91.5,4.2,997.2,1.2,15,18,24,88,1,
2019-12-26 20:30:00,53.4657,-50.44779,12,54,0,1,210,0.02,13.6,4,4.131,31.67,294.6,91.5,4.15,995.3,1.1,10,16,19,104,1,
2019-12-26 21:30:00,53.44791,-50.45382,14,56,0,3,230,0.022,13.5,4,4.067,31.82,294.9,91,4.08,994.2,1,340,14,18,71,1,
2019-12-27 00:30:00,53.38905,-50.47176,41,2,0,3,380,0.022,13.3,5,3.966,31.68,296.1,91.5,3.98,996.7,0.5,10,13,18,90,1,
2019-12-29 21:00:00,52.86552,-50.36055,41,19,0,3,290,0.02,13.5,4,3.864,31.41,295.7,91,3.88,995.5,0,25,11,13,94,1,
2019-12-30 00:30:00,52.82433,-50.3916,41,26,0,3,270,0.022,13.3,4,3.797,31.31,296.7,91,3.82,996.1,0.1,30,14,35,87,1,
2019-12-30 12:30:00,52.66128,-50.54994,41,50,0,3,270,0.022,13.3,4,3.524,31.34,298.4,91,3.54,998.9,-0.1,5,14,21,72,1,
