time,lat,lon,log,battery,u,v,wptLat,wptLon
20191204_212325,50.42963333333334,-47.93663333333334,0266.0000,99.2295953309577,-0.0017963169653476602,0.00141967381762945,56.22328333333333,-47.64573333333333
20191204_214111,50.42963333333334,-47.93663333333334,0266.0001,99.2156846173077,-0.0017963169653476602,0.00141967381762945,56.22328333333333,-47.64573333333333
20191205_065326,50.49393333333335,-47.90246666666667,0266.0002,99.0860774848048,0.00176587207422955,-0.0750732764428003,56.22328333333333,-47.64573333333333
20191205_104820,50.51776666666667,-47.87755,0266.0003,99.02036912004559,0.0281669373053862,-0.11679194840759,56.22328333333333,-47.64573333333333
20191205_154757,50.54810000000001,-47.8628,0266.0004,98.95194653006229,0.0141024138895533,-0.0811123694516994,56.22328333333333,-47.64573333333333
20191205_222638,50.58921666666666,-47.83533333333333,0266.0005,98.8527619942638,0.0306362917004401,-0.10624285585657599,56.22328333333333,-47.64573333333333
20191206_031127,50.61316666666666,-47.82233333333333,0266.0006,98.7862620117024,-0.0140616256589345,-0.12447320053267699,56.22328333333333,-47.64573333333333
20191206_105628,50.66333333333334,-47.80921666666666,0266.0007,98.67079180666781,-0.0516109883902378,-0.0764903452436821,56.22328333333333,-47.64573333333333
20191206_154057,50.693250000000006,-47.78633333333334,0266.0008,98.6046310142717,-0.00589790514377091,-0.0770152991859607,56.22328333333333,-47.64573333333333
20191206_223845,50.73408333333333,-47.75060000000001,0266.0009,98.5005834206554,0.00741767454790018,-0.113666941835443,56.22328333333333,-47.64573333333333
20191207_033249,50.76193333333334,-47.72453333333333,0266.0011,98.43193458279379,0.0564424500667326,-0.0984297961509031,56.22328333333333,-47.64573333333333
20191207_120023,50.8158,-47.68476666666667,0266.0012,98.30707745228901,0.0586633816322241,-0.12140455515019401,56.22328333333333,-47.64573333333333
20191207_211344,50.881400000000006,-47.65773333333334,0266.0013,98.1812025242233,0.0368209052400073,-0.0718024945864944,56.22328333333333,-47.64573333333333
20191208_071620,50.95006666666666,-47.60276666666667,0266.0015,98.04763698481779,0.0592546620488076,-0.0892191937905631,56.22328333333333,-47.64573333333333
20191208_163119,51.01483333333334,-47.56365000000001,0266.0016,97.9473214366931,0.0639650249541251,-0.0862004960846582,56.22328333333333,-47.64573333333333
20191209_015543,51.08368333333333,-47.56426666666667,0266.0017,97.84519654132481,0.0229109015715128,-0.0608750094796502,56.22328333333333,-47.64573333333333
20191209_102610,51.15765,-47.54918333333333,0266.0018,97.7434107907086,0.00689494254624476,-0.0255890036094619,56.22328333333333,-47.64573333333333
20191209_193620,51.24096666666666,-47.52911666666667,0266.0019,97.64343465981442,0.0255093030084824,-0.014228367156592,56.22328333333333,-47.64573333333333
20191210_052113,51.31701666666667,-47.49793333333334,0267.0000,97.53633340103691,0.0180845254734681,-0.0422130231814932,56.22328333333333,-47.64573333333333
20191210_143557,51.3907,-47.48526666666666,0267.0001,97.4363572701426,0.0146261346561583,-0.0451312174178011,56.22328333333333,-47.64573333333333
20191210_230906,51.46281666666667,-47.45091666666666,0267.0002,97.33479785823091,0.0504173659858234,-0.0520139233139241,56.22328333333333,-47.64573333333333
20191211_082733,51.53058333333334,-47.40606666666667,0267.0003,97.2345953886322,0.0605805853639608,-0.0832480737926436,56.22328333333333,-47.64573333333333
20191212_022306,51.64948333333334,-47.31511666666667,0267.0005,97.02955359408242,0.12598168973611099,-0.145837632580504,56.22328333333333,-47.64573333333333
20191212_070815,51.68143333333334,-47.30501666666667,0267.0006,96.97142269401729,0.0740398746358159,-0.0964422744257598,56.22328333333333,-47.64573333333333
20191212_163824,51.74603333333334,-47.25518333333333,0267.0007,96.8703155962099,0.0931096497930337,-0.100938891818002,56.22328333333333,-47.64573333333333
20191213_021051,51.81596666666666,-47.19986666666666,0267.0008,96.7685298455937,0.13361256407577699,-0.09421763770397501,56.22328333333333,-47.64573333333333
20191213_021529,51.81596666666666,-47.19986666666666,0267.0009,96.7661549240675,0.13361256407577699,-0.09421763770397501,56.22328333333333,-47.64573333333333
20191213_114325,51.88425000000001,-47.21253333333334,0267.0011,96.66165492552071,0.0677590797701858,-0.054070232800905,56.22328333333333,-47.64573333333333
20191213_210201,51.883783333333334,-47.21140000000001,0267.0012,96.55930369144801,0.0673207965227116,-0.0541644834850199,56.22328333333333,-47.64573333333333
20191214_063401,51.9964,-47.25791666666668,0267.0013,96.45604782916661,-0.136263248351008,-0.11694473591905301,56.22328333333333,-47.64573333333333
20191214_155109,52.05174999999999,-47.28723333333334,0267.0014,96.35245245882851,-0.172012684456112,-0.0266578432178056,56.22328333333333,-47.64573333333333
20191215_010118,52.11343333333333,-47.29618333333333,0267.0015,96.2506668898646,-0.157624788471773,0.0331839900812286,56.22328333333333,-47.64573333333333
20191215_011317,52.11343333333333,-47.29618333333333,0267.0016,96.24286310917259,-0.157624788471773,0.0331839900812286,56.22328333333333,-47.64573333333333
20191215_101925,52.16978333333333,-47.31276666666666,0267.0018,96.14152985431309,-0.18637312832227104,0.0319093019847454,56.22328333333333,-47.64573333333333
20191215_195458,52.1694,-47.31456666666666,0267.0020,96.02752962470458,-0.18609677778876105,0.0318121438152631,56.22328333333333,-47.64573333333333
20191216_052332,52.30875,-47.34493333333334,0267.0022,95.9203155598795,-0.169147780935791,0.0451122956236638,56.22328333333333,-47.64573333333333
20191216_145915,52.37926666666667,-47.38005,0267.0024,95.8102738961192,-0.20305164093816197,0.0764117876870894,56.22328333333333,-47.64573333333333
20191216_150526,52.37926666666667,-47.38005,0267.0025,95.80699398307979,-0.20305164093816197,0.0764117876870894,56.22328333333333,-47.64573333333333
20191217_000544,52.44259999999999,-47.36776666666666,0267.0026,95.70894064125959,-0.15525805878119,0.0682503603523264,56.22328333333333,-47.64573333333333
20191217_093059,52.52663333333333,-47.38536666666667,0267.0028,95.6051191138694,-0.157074977102363,0.11356500653569301,56.22328333333333,-47.64573333333333
20191217_193952,52.60556666666667,-47.40036666666667,0267.0030,95.46013119011101,-0.16808408921007098,0.0977566090439104,56.22328333333333,-47.64573333333333
20191218_045124,52.69281666666667,-47.38708333333334,0267.0031,95.36038121626899,-0.10765008612817802,0.11231519266775598,56.22328333333333,-47.64573333333333
20191218_141445,52.78333333333333,-47.34441666666666,0267.0032,95.2599525896181,-0.0440605958288518,0.10529099731632302,56.22328333333333,-47.64573333333333
20191218_233309,52.86431666666667,-47.25528333333334,0267.0033,95.15285114918841,0.0688457279965176,-0.0113099477583151,56.22328333333333,-47.64573333333333
20191218_233845,52.86431666666667,-47.25528333333334,0267.0034,95.1492322730491,0.0688457279965176,-0.0113099477583151,56.22328333333333,-47.64573333333333
20191218_235204,52.86431666666667,-47.25528333333334,0267.0036,95.14120251695721,0.0688457279965176,-0.0113099477583151,56.22328333333333,-47.64573333333333
20191219_092341,52.947416666666676,-47.19143333333334,0267.0038,95.03127384089692,0.150297301767535,-0.0577514815295874,56.22328333333333,-47.64573333333333
20191219_093617,52.947416666666676,-47.19143333333334,0267.0039,95.022000130192,0.150297301767535,-0.0577514815295874,56.22328333333333,-47.64573333333333
20191219_190147,53.01170000000001,-47.15281666666666,0267.0040,94.9191965820149,0.162246262235091,-0.10193352730245699,53.70566666666666,-47.42023333333333
20191219_194129,53.01170000000001,-47.15281666666666,0267.0041,94.8920537394042,0.162246262235091,-0.10193352730245699,53.70566666666666,-47.42023333333333
20191220_052234,53.07178333333334,-47.11346666666667,0267.0042,94.78416065846581,0.159113487209134,-0.10551791617406599,53.70566666666666,-47.42023333333333
20191220_150339,53.12563333333333,-47.07963333333334,0267.0044,94.6686904988443,0.156004583518623,-0.12353024203475099,53.70566666666666,-47.42023333333333
20191220_151525,53.12563333333333,-47.07963333333334,0267.0046,94.6610000691568,0.156004583518623,-0.12353024203475099,53.70566666666666,-47.42023333333333
20191220_152606,53.12563333333333,-47.07963333333334,0267.0047,94.65455359408242,0.156004583518623,-0.12353024203475099,53.70566666666666,-47.42023333333333
20191221_003945,53.17858333333334,-47.04768333333333,0267.0048,94.55480362024029,0.154665318976081,-0.121885901798228,53.70566666666666,-47.42023333333333
20191221_004436,53.17858333333334,-47.04768333333333,0267.0049,94.55220272331421,0.154665318976081,-0.121885901798228,53.70566666666666,-47.42023333333333
20191221_005001,53.17858333333334,-47.04768333333333,0267.0050,94.54948811207899,0.154665318976081,-0.121885901798228,53.70566666666666,-47.42023333333333
20191221_100353,53.24323333333334,-47.041000000000004,0267.0051,94.44883351002831,0.132081385344654,-0.07215511996962401,53.70566666666666,-47.42023333333333
20191221_192746,53.30328333333333,-47.08973333333334,0267.0052,94.34727391646429,0.039997306243137,-0.0512709040326453,53.70566666666666,-47.42023333333333
20191222_044502,53.37845000000001,-47.10335,0267.0053,94.24469670699159,0.0598626157847875,-0.0315586694698807,53.70566666666666,-47.42023333333333
20191222_140501,53.45131666666666,-47.12141666666666,0267.0054,94.14223248521891,0.11417240543997802,-0.0300421246583924,53.70566666666666,-47.42023333333333
20191222_232009,53.51305000000001,-47.17355,0267.0056,94.0363749994023,0.069179249089581,-0.0279867052807447,53.70566666666666,-47.42023333333333
20191223_085043,53.57623333333333,-47.24486666666667,0267.0058,93.92407140181591,0.0112407506577088,-0.0175168809231825,53.70566666666666,-47.42023333333333
20191223_185648,53.6392,-47.29433333333333,0267.0060,93.7883571887624,0.0278670032643575,-0.0099723601293107,53.70566666666666,-47.42023333333333
20191224_043040,53.70195,-47.37781666666666,0267.0062,93.672774041441,0.0368758743368833,0.0036795977757004203,53.81358333333333,-47.38786666666667
20191224_135422,53.79493333333333,-47.391000000000005,0267.0064,93.5557206008021,0.0117340528559191,0.0287166149400763,54.02941666666667,-47.59810000000001
20191224_144210,53.79493333333333,-47.391000000000005,0267.0068,93.52009532469059,0.0117340528559191,0.0287166149400763,54.02941666666667,-47.59810000000001
20191224_144729,53.79493333333333,-47.391000000000005,0267.0069,93.5170417503557,0.0117340528559191,0.0287166149400763,54.02941666666667,-47.59810000000001
20191225_000221,53.88483333333334,-47.47195,0267.0071,93.41616080960041,-0.0130007252645657,0.0660929054852634,54.02941666666667,-47.59810000000001
20191225_010434,53.88483333333334,-47.47195,0267.0077,93.3693392153622,-0.0130007252645657,0.0660929054852634,54.02941666666667,-47.59810000000001
20191225_103236,53.99421666666667,-47.53573333333334,0267.0079,93.2614468610327,0.0294048600498648,0.0836685512069541,54.02941666666667,-47.59810000000001
20191225_194353,54.08256666666666,-47.54490000000001,0267.0080,93.1613571974818,0.0259519149540718,0.038482566069337004,56.22328333333333,-47.64573333333333
20191226_225849,54.34811666666666,-47.52935,0267.0083,92.8517025983374,-0.0135243540805927,0.0173655797735195,56.22328333333333,-47.64573333333333
20191227_054323,54.4096,-47.50940000000001,0267.0084,92.76755982257481,0.027177576111135998,0.0009293959788279631,56.22328333333333,-47.64573333333333
20191227_101724,54.45266666666666,-47.52950000000001,0267.0085,92.71847593120572,-0.0467984491381187,0.0285704518451421,56.22328333333333,-47.64573333333333
20191227_193612,54.5363,-47.51241666666666,0267.0086,92.61454177942,-0.0309681827262546,0.0170613214936116,56.22328333333333,-47.64573333333333
20191228_044556,54.61011666666667,-47.50866666666668,0267.0087,92.51388681406472,-0.0459618470018949,-0.0173733304967956,56.22328333333333,-47.64573333333333
20191228_135133,54.67316666666667,-47.480166666666676,0267.0088,92.41255392250959,-0.0370692005578625,-0.0448649023068471,56.22328333333333,-47.64573333333333
20191228_225840,54.73941666666666,-47.46795000000001,0267.0089,92.3124642589587,-0.0249679716876369,-0.0478002231219818,56.22328333333333,-47.64573333333333
20191229_081657,54.78909999999999,-47.44026666666667,0267.0091,92.1983510416503,-0.0195098221648765,-0.109037745381366,56.22328333333333,-47.64573333333333
20191229_172245,54.84256666666667,-47.46201666666666,0267.0093,92.0907976504208,-0.0334468477936748,-0.09889804195254,55.324433333333346,-47.67031666666666
20191230_031010,54.89750000000001,-47.49271666666667,0267.0094,91.9844882138043,-0.0489663974809446,-0.0832930174020464,55.324433333333346,-47.67031666666666
20191230_124454,54.95896666666666,-47.50761666666668,0267.0095,91.8801013846097,-0.03650045567572,-0.0668349403044229,55.324433333333346,-47.67031666666666
20191230_214708,55.0157,-47.51713333333334,0267.0096,91.7787677664457,-0.0151604450008381,-0.0979261605794647,55.324433333333346,-47.67031666666666
20191231_065328,55.08128333333334,-47.5308,0267.0097,91.67675622208179,-0.0277281726440656,-0.047492398176237,55.324433333333346,-47.67031666666666
20191231_070804,55.08128333333334,-47.5308,0267.0098,91.6658985037504,-0.0277281726440656,-0.047492398176237,55.43236666666667,-47.541533333333334
20191231_161918,55.16138333333333,-47.53885,0267.0099,91.5649049385997,-0.0477132442903449,0.0144014818994554,55.43236666666667,-47.541533333333334
20191231_162336,55.16138333333333,-47.53885,0267.0100,91.5626430047734,-0.0477132442903449,0.0144014818994554,55.43236666666667,-47.541533333333334
20200101_015054,55.23813333333333,-47.52289999999999,0267.0102,91.45033904388241,-0.0618467190297007,0.0228558636248338,55.43236666666667,-47.541533333333334
20200101_015519,55.23813333333333,-47.52289999999999,0267.0103,91.448529787465,-0.0618467190297007,0.0228558636248338,55.43236666666667,-47.541533333333334
20200101_112513,55.32686666666667,-47.5381,0267.0105,91.3461781900878,-0.0871722385798757,0.0650186789449384,55.43236666666667,-47.541533333333334
20200101_205941,55.39943333333333,-47.53368333333333,0267.0107,91.237833521654,-0.091796006616959,0.00895254615792612,55.54028333333334,-47.69808333333333
20200102_071725,55.47298333333333,-47.582283333333336,0267.0111,91.08798204053421,-0.0426838401531895,-0.026389960579806,55.54028333333334,-47.69808333333333
20200102_164143,55.5433,-47.65183333333332,0267.0113,90.9828039341354,-0.0160394107960791,-0.00487282579537468,55.81006666666667,-47.61295
20200103_015217,55.6174,-47.60229999999999,0267.0114,90.88271427058442,0.0303600041615264,-0.0485019946882753,55.81006666666667,-47.61295
20200103_110600,55.68633333333333,-47.60893333333334,0267.0115,90.78273868464692,0.006476104625016879,-0.0590854869829722,55.81006666666667,-47.61295
20200103_202512,55.75875,-47.61061666666666,0267.0116,90.6825356700915,-0.013563646896491002,-0.040820495953382004,55.81006666666667,-47.61295
20200104_055546,55.83811666666667,-47.64575,0267.0117,90.5798454729189,0.00260595940371768,-0.00592933463298657,55.86403333333333,-47.69191666666667
20200104_150537,55.92063333333334,-47.63866666666666,0267.0118,90.4793038585681,0.013228548052067,-0.00026883027658442205,56.13383333333332,-47.60568333333334
20200105_003156,56.01453333333334,-47.62538333333334,0267.0120,90.3444946370279,0.0194045119754039,0.0209562888932938,56.13383333333332,-47.60568333333334
20200105_094243,56.11063333333334,-47.640633333333334,0267.0121,90.2199763787969,-0.0357335332597802,0.048545048717528,56.18778333333334,-47.68523333333333
20200105_192259,56.10046666666668,-47.84403333333333,0267.0123,90.07860733117779,-0.09360497585941199,0.0206884242301581,56.13381666666668,-48.3271
20200106_045313,56.099,-48.05456666666667,0267.0124,89.95058318450741,-0.12232365322459599,-0.0215058850059751,56.13381666666668,-48.3271
20200106_135430,56.11550000000001,-48.2434,0267.0125,89.8261790038899,-0.13387344387907302,-0.0631890677825672,56.13381666666668,-48.3271
20200106_231525,56.1118,-48.4222,0267.0126,89.6975895554152,-0.14234767619263097,-0.13427078520004498,56.13381666666668,-51.75865
20200107_082552,56.10748333333333,-48.58456666666666,0267.0127,89.57228001997991,-0.156256636448969,-0.173812643757498,56.13381666666668,-51.75865
20200107_083013,56.10748333333333,-48.58456666666666,0267.0128,89.56979211075371,-0.156256636448969,-0.173812643757498,56.13381666666668,-51.75865
20200107_173748,56.09935,-48.71403333333333,0267.0130,89.44323862070542,-0.135832356669846,-0.21794961019227502,56.13381666666668,-51.75865
20200108_031037,56.08513333333333,-48.79456666666667,0267.0132,89.3098986025692,-0.0548555833341376,-0.264413794859587,56.13381666666668,-51.75865
20200108_124638,56.08015,-48.94033333333334,0267.0134,89.1707914887764,-0.133403528821145,-0.183012914213166,56.13381666666668,-51.75865
20200108_220503,56.14316666666667,-49.08946666666668,0267.0135,89.0440120233281,-0.08672739106333499,0.015935353200527,56.13381666666668,-51.75865
20200108_220933,56.14316666666667,-49.08946666666668,0267.0136,89.0414107630975,-0.08672739106333499,0.015935353200527,56.13381666666668,-51.75865
20200109_071002,56.22988333333333,-49.21995,0267.0138,88.9133866164271,0.158683288252867,0.23692803076184998,56.13381666666668,-51.75865
20200109_161602,56.27233333333334,-49.26805,0267.0140,88.7746195556477,0.25468522589133397,0.195738862814773,56.13381666666668,-51.75865
20200110_015155,56.28025,-49.32688333333334,0267.0142,88.63675639646799,0.18024273120898898,0.108014178746674,56.13381666666668,-51.75865
20200110_110921,56.2867,-49.397133333333336,0267.0143,88.5100895554152,0.171199137952676,0.060630885152338,56.13381666666668,-51.75865
20200110_203448,56.2866,-49.39501666666666,0267.0144,88.3804821277273,0.167828782621017,0.0624671721974256,56.13381666666668,-51.75865
20200111_054323,56.296533333333336,-49.49608333333334,0267.0145,88.25494661689208,0.209570205413911,0.0348551483866002,56.13381666666668,-51.75865
20200111_145339,56.31145,-49.58883333333333,0267.0146,88.1299764078612,0.14478976258516,0.0837029003831001,56.13381666666668,-51.75865
20200112_001635,56.31486666666666,-49.69035000000001,0267.0147,88.0017262857909,0.10845562986983501,0.0826023399803956,56.13381666666668,-51.75865
20200112_093709,56.30745000000001,-49.82296666666666,0267.0148,87.8749460937336,0.041444510985427,0.067556528034493,56.13381666666668,-51.75865
20200112_190831,56.28335000000001,-49.96688333333333,0267.0149,87.74680932266779,0.00245347770783167,0.0138083716207324,56.13381666666668,-51.75865
20200113_033649,56.27776666666666,-50.10211666666668,0267.0150,87.62274374184558,0.00936924220872578,-0.00955319355861252,56.13381666666668,-51.75865
20200113_083030,56.27348333333333,-50.16481666666667,0267.0152,87.55160654062722,0.0356233828921682,-0.0106970169339463,56.13381666666668,-51.75865
20200113_175354,56.2578,-50.28996666666666,0267.0153,87.42380982257481,0.0342712126756191,-0.0449425249394544,56.13381666666668,-51.75865
20200114_113515,56.24218333333334,-50.49933333333333,0267.0155,87.17613133833929,0.0849642399512193,-0.0712421591539324,56.13381666666668,-51.75865
20200114_205729,56.22845,-50.57213333333335,0267.0156,87.0495778482909,0.11750251350278698,-0.10918609687688499,56.13381666666668,-51.75865
20200115_062402,56.23011666666667,-50.63545,0267.0157,86.923137709247,0.15369131040099,-0.0712614578736058,56.13381666666668,-51.75865
20200115_153925,56.23018333333333,-50.71496666666667,0267.0158,86.79760147180279,0.137425513352285,-0.0366868566924454,56.13381666666668,-51.75865
20200116_011548,56.23521666666667,-50.76750000000001,0267.0160,86.663357552067,0.16114562761290802,-0.0593926890464387,56.13381666666668,-51.75865
20200116_103437,56.22631666666667,-50.8272,0267.0161,86.53782276784081,0.158712650095347,-0.0687149381240043,56.13381666666668,-51.75865
20200116_195013,56.21939999999999,-50.89084999999999,0267.0163,86.4084398623348,0.151945133979928,-0.0652127474519816,56.13381666666668,-51.75865
20200116_195444,56.21939999999999,-50.89084999999999,0267.0164,86.4058400553222,0.151945133979928,-0.0652127474519816,56.13381666666668,-51.75865
20200117_051314,56.22286666666668,-50.96093333333334,0267.0165,86.28132107048211,0.14824758436662802,-0.0335848854226207,56.13381666666668,-51.75865
20200117_143259,56.21418333333333,-51.04245,0267.0166,86.1560129882649,0.123190416445775,-0.037685743480187,56.13381666666668,-51.75865
20200117_230137,56.19673333333333,-51.13405,0267.0167,86.03341661084671,0.0832710145217001,-0.0846763226164063,56.13381666666668,-51.75865
20200119_021844,56.14128333333333,-51.50733333333332,0267.0170,85.64855362024029,-0.0101477009279185,-0.080179422562976,56.13381666666668,-51.75865
20200119_113736,56.14149999999999,-51.65086666666666,0267.0171,85.5212095795967,-0.0157259142457599,-0.0592890934172577,56.13381666666668,-51.75865
20200119_205630,56.14358333333333,-51.57308333333334,0267.0172,85.395785239939,-0.0343889264523077,-0.030473929331406,56.13381666666668,-48.02538333333334
20200119_211659,56.14358333333333,-51.57308333333334,0267.0174,85.3809711355863,-0.0343889264523077,-0.030473929331406,56.62006666666666,-53.47196666666667
20200120_064532,56.17908333333333,-51.70655,0267.0175,85.25464289432891,-0.0316749797709038,-0.0465280176891421,56.62006666666666,-53.47196666666667
20200120_150533,56.20976666666667,-51.8372,0267.0176,85.134082475337,-0.0697316617175697,-0.0705549108043494,56.62006666666666,-53.47196666666667
20200121_012828,56.23891666666666,-52.01323333333333,0267.0179,84.9608211053594,-0.128634075925404,-0.0604655599254541,56.62006666666666,-53.47196666666667
20200121_105657,56.292716666666664,-52.2135,0267.0181,84.8277077892321,-0.22666025140015503,0.0101146114398967,56.62006666666666,-53.47196666666667
20200121_201231,56.38141666666667,-52.4198,0267.0183,84.6960651297269,-0.271016628966043,0.12392343385083199,56.62006666666666,-53.47196666666667
20200122_145400,56.55686666666668,-52.62661666666666,0267.0185,84.4395663388043,0.072261808706262,0.30674169373181603,56.62006666666666,-53.47196666666667
20200123_084951,56.64166666666666,-52.81298333333334,0267.0187,84.18849386391591,0.171348263791731,0.28975047007457694,56.62006666666666,-53.47196666666667
20200123_175536,56.66041666666667,-52.88918333333334,0267.0188,84.06442828309379,0.159872296883401,0.222079058303725,56.62006666666666,-53.47196666666667
20200124_031326,56.66598333333333,-52.98091666666666,0267.0189,83.93787624626341,0.121973242066286,0.169251755354422,56.62006666666666,-53.47196666666667
20200124_205441,56.64591666666667,-53.21466666666666,0267.0191,83.6891797828147,0.0251735567781502,0.0683389514109983,56.62006666666666,-53.47196666666667
20200125_062342,56.63355,-53.33876666666666,0267.0192,83.5593449265089,0.0545832407110682,0.0479813972538979,56.62006666666666,-53.47196666666667
20200126_001856,56.73986666666666,-53.17503333333334,0267.0194,83.3078205008207,0.0476309784137751,0.0733802277984373,58.17439999999999,-50.49415000000001
20200126_181602,56.87333333333332,-52.82915,0267.0196,83.05561887554171,0.15765190138558,0.0647035125804761,58.17439999999999,-50.49415000000001
20200127_032143,56.96445000000001,-52.63065,0267.0197,82.93155329471949,0.21276811471845,0.0370307795073457,58.17439999999999,-50.49415000000001
20200127_124716,57.06231666666666,-52.51295,0267.0198,82.8048864536666,0.153848054269314,0.00741030281559413,58.17439999999999,-50.49415000000001
20200127_222519,57.12881666666667,-52.38031666666667,0267.0200,82.665554817692,0.104749402731125,-0.0719107739933085,58.17439999999999,-50.49415000000001
20200128_080424,57.20451666666666,-52.28901666666668,0267.0202,82.5261069242768,0.0600372892848873,-0.0217906572921811,58.17439999999999,-50.49415000000001
20200128_134244,57.2398,-52.23573333333334,0268.0001,82.48403663357979,1.6235448117738998,1.9261318388241802,57.20467167043015,-52.289295000147675
20200128_143621,57.23211666666666,-52.23338333333333,0268.0002,82.44648902252491,0.236442526219534,-0.11014348095515199,57.20467167043015,-52.289295000147675
20200128_225843,57.20366666666666,-52.36216666666666,0269.0000,82.31541161941091,0.10974168199446802,-0.0572130412064321,56.62006666666666,-53.47196666666667
20200129_080706,57.1634,-52.46603333333334,0269.0001,82.18885803853641,0.0994030331649586,-0.0559831351199158,56.62006666666666,-53.47196666666667
20200129_173857,57.12961666666667,-52.56399999999999,0269.0003,82.0585723667573,0.0726413329929126,-0.0251326625999007,56.62006666666666,-53.47196666666667
20200129_183944,57.12961666666667,-52.56399999999999,0269.0007,82.012542549267,0.0726413329929126,-0.0251326625999007,56.62006666666666,-53.47196666666667
20200130_040531,57.07478333333334,-52.63850000000001,0269.0008,81.8857628113403,0.0729695841584514,-0.0537067959566822,56.62006666666666,-53.47196666666667
20200130_131256,57.02408333333333,-52.70406666666666,0269.0009,81.7620366477487,0.10958291730925901,-0.0724476388939415,56.62006666666666,-53.47196666666667
20200130_222738,56.99366666666666,-52.74971666666666,0269.0010,81.63695336019171,0.170243444885129,-0.0494871047804722,56.62006666666666,-53.47196666666667
20200131_084122,56.96724999999999,-52.7761,0269.0012,81.4711556270665,0.18159259017711601,-0.0336570103843986,56.62006666666666,-53.47196666666667
20200131_181331,56.95198333333333,-52.83683333333333,0269.0013,81.3432450130528,0.17512333537836303,-0.0103938740957314,56.62006666666666,-53.47196666666667
20200201_033325,56.93406666666666,-52.89623333333334,0269.0014,81.21759615121309,0.162163621303849,0.033746373566999,56.62006666666666,-53.47196666666667
20200201_124126,56.90966666666666,-52.94389999999999,0269.0015,81.0938700784476,0.16762992619985598,0.0362201509448554,56.62006666666666,-53.47196666666667
20200201_221449,56.90046666666667,-53.03255000000001,0269.0016,80.96528062997291,0.11427000153421499,0.0852249474661064,56.62006666666666,-53.47196666666667
20200202_075256,56.88253333333334,-53.13546666666666,0269.0018,80.8348817434285,0.0786002474927168,0.11769445541306801,56.62006666666666,-53.47196666666667
20200202_171823,56.81678333333333,-53.2183,0269.0020,80.6971319352533,0.0476900079015111,0.0473191295124391,56.62006666666666,-53.47196666666667
20200203_034613,56.73838333333333,-53.17041666666668,0269.0022,80.5199116361229,0.129733879946001,-0.0312199411169196,56.18494999999999,-53.41048333333334
20200203_131337,56.73908333333334,-53.16823333333333,0269.0023,80.391887852757,0.128708414908108,-0.0313472822409813,56.18494999999999,-53.41048333333334
20200203_224815,56.64538333333334,-53.24295,0269.0024,80.2620544496692,0.092842259494782,0.0512102492903461,56.18494999999999,-53.41048333333334
20200204_080155,56.59273333333334,-53.26081666666668,0269.0025,80.1371972283383,0.0934474028423733,0.0498374704756196,56.18494999999999,-53.41048333333334
20200204_173641,56.53553333333332,-53.30246666666667,0269.0026,80.0086079615159,0.0667615092318438,0.0623178461669336,56.18494999999999,-53.41048333333334
20200204_175532,56.53553333333332,-53.30246666666667,0269.0027,79.9945842261062,0.0667615092318438,0.0623178461669336,56.18494999999999,-53.41048333333334
20200205_031412,56.46849999999999,-53.31023333333332,0269.0028,79.8688223765665,0.09177369114617501,-0.0260834517821536,56.18494999999999,-53.41048333333334
20200205_123232,56.411,-53.28575000000002,0269.0029,79.7410249319051,0.18850452497579395,-0.0249056001224044,56.18494999999999,-53.41048333333334
20200205_220146,56.41158333333333,-53.27943333333333,0269.0030,79.6117568306216,0.18292307698931304,-0.0232075740279114,56.18494999999999,-53.41048333333334
20200206_160929,56.41158333333333,-53.27943333333333,0269.0032,79.3526556895548,0.18292307698931304,-0.0232075740279114,56.18494999999999,-53.41048333333334
20200207_100543,56.24456666666667,-53.53188333333333,0269.0034,79.1009056517712,-0.0789656064585598,0.16179994872898298,56.18494999999999,-53.41048333333334
20200207_192522,56.21736666666667,-53.49293333333333,0269.0035,78.9740128353184,-0.0835094482640696,0.150662063973931,56.18494999999999,-53.41048333333334
20200208_043818,56.23576666666666,-53.44268333333333,0269.0036,78.8471200188657,-0.12148358441044198,0.11639325207531402,57.76424999999999,-51.68831666666666
20200208_135112,56.28731666666666,-53.36616666666667,MissionName:REGM20.MI MissionNum:pearl,78.718417582691,-0.0904149557357132,0.0828712598050439,57.76424999999999,-51.68831666666666
20200208_231918,56.32321666666667,-53.21058333333334,0269.0038,78.5883578408988,0.0309283573996163,-0.0593130495698254,57.76424999999999,-51.68831666666666
20200209_082101,56.38775000000001,-53.08365,0269.0039,78.4641792723766,0.10491347285054001,-0.0969323644095783,57.76424999999999,-51.68831666666666
20200209_173355,56.49198333333334,-53.00010000000001,0269.0040,78.3337805674845,0.140498158128697,-0.038443801457131,57.76424999999999,-51.68831666666666
20200210_024709,56.59925,-53.0088,0269.0041,78.2057571474232,-0.00822503701072433,0.0899537895671729,57.76424999999999,-51.68831666666666
20200210_121230,56.66266666666667,-52.91121666666666,0269.0042,78.07773300075279,-0.024252935691104,0.0648243975379584,57.76424999999999,-51.68831666666666
20200210_211915,56.75738333333334,-52.75838333333332,0269.0043,77.9520841389131,0.11966605934727499,0.0882226373692272,57.76424999999999,-51.68831666666666
20200211_054811,56.88046666666667,-52.57465000000001,0269.0044,77.8262093016735,0.262609301286112,0.10983430189117697,57.76424999999999,-51.68831666666666
20200211_150401,57.0062,-52.56759999999999,0269.0045,77.70056043983391,0.20077177463189602,0.0901493557696243,57.76424999999999,-51.68831666666666
20200212_004357,57.11201666666666,-52.47695,0269.0047,77.56020900812351,0.122511364346182,0.0205797744526697,57.76424999999999,-51.68831666666666
20200212_100743,57.05413333333332,-52.4956,0269.0049,77.4125068364345,0.10864512600936901,0.0216443917433828,56.363200000000006,-52.72950000000001
20200212_192126,57.00161666666666,-52.47089999999999,0269.0050,77.2860663340861,0.18717596155532698,0.00184390001392484,56.363200000000006,-52.72950000000001
20200213_043111,56.95778333333333,-52.41908333333334,0269.0051,77.16019149684651,0.274628752589055,-0.0282778894600623,56.363200000000006,-52.72950000000001
20200213_133527,56.91821666666666,-52.35120000000001,0269.0052,77.0348819614112,0.33387058328417796,-0.0704167980496638,56.363200000000006,-52.72950000000001
20200213_225751,56.87504999999999,-52.27066666666666,0269.0053,76.9071971411452,0.35156116919491204,-0.147459389973906,56.363200000000006,-52.72950000000001
20200214_082117,56.83056666666666,-52.23576666666666,0269.0054,76.77826872957058,0.284611149926869,-0.16623896435266902,56.363200000000006,-52.72950000000001
20200214_172242,56.79501666666667,-52.26020000000001,0269.0055,76.64538211545229,0.20075993712118104,-0.122459561532131,56.363200000000006,-52.72950000000001
20200215_020954,56.79368333333333,-52.25721666666667,0269.0056,76.5118168485253,0.200333531216553,-0.12128612079634699,56.363200000000006,-52.72950000000001
20200215_114023,56.76661666666668,-52.3957,0269.0057,76.37350028532771,0.0988179102335543,0.11269759034422001,56.363200000000006,-52.72950000000001
20200215_205828,56.75661666666666,-52.42546666666666,0269.0058,76.24016172040959,0.16219635374285502,0.16163446612126098,56.363200000000006,-52.72950000000001
20200216_063349,56.76843333333333,-52.47495,0269.0059,76.1087450363043,0.15750926250531,0.23023967519469102,56.363200000000006,-52.72950000000001
20200216_161031,56.77753333333334,-52.48843333333333,0269.0060,75.977328352199,0.18039528012115602,0.23443078737473,56.363200000000006,-52.72950000000001
20200217_013153,56.7908,-52.488,0269.0061,75.8482869529244,0.213653535253657,0.23205792973083803,56.363200000000006,-52.72950000000001
20200217_105302,56.80443333333333,-52.49138333333334,0269.0062,75.71811422343221,0.22485778829381,0.237347356106007,56.363200000000006,-52.72950000000001
20200217_194707,56.81588333333334,-52.48906666666667,0269.0063,75.5915607333839,0.22742875827685896,0.23603361137913198,56.363200000000006,-52.72950000000001
20200218_050818,56.82613333333333,-52.47865,0269.0064,75.4574294380435,0.246109366668024,0.21133573741427697,56.363200000000006,-52.72950000000001
20200218_133349,56.83816666666666,-52.48009999999999,0269.0065,75.32974461777751,0.261977611629755,0.21273038735807198,56.363200000000006,-52.72950000000001
20200218_225315,56.85311666666667,-52.44295,0269.0066,75.2016078467116,0.298279765359529,0.20272430930453897,56.363200000000006,-52.72950000000001
20200219_081109,56.86793333333334,-52.40121666666668,0269.0067,75.0743757038545,0.318070219748921,0.19113616157912303,56.363200000000006,-52.72950000000001
20200219_173135,56.87325000000001,-52.35463333333334,0269.0068,74.946578259193,0.319434773474152,0.148732625605859,56.363200000000006,-52.72950000000001
20200220_025203,56.87641666666666,-52.28413333333333,0269.0069,74.81866746352709,0.359569238866914,0.107319199345372,56.363200000000006,-52.72950000000001
20200220_115942,56.87208333333333,-52.21641666666666,0269.0070,74.6921139734788,0.375295512608456,0.0590958713134504,56.363200000000006,-52.72950000000001
20200221_053619,56.84316666666668,-52.137933333333336,0269.0072,74.4344831257295,0.316205130111917,-0.041413224546391,56.363200000000006,-52.72950000000001
20200221_142829,56.8152,-52.13898333333334,0269.0073,74.30894688828529,0.24934311689717398,-0.037682251693497,56.363200000000006,-52.72950000000001
20200221_234835,56.792350000000006,-52.182550000000006,0269.0074,74.17888750979759,0.17319014478041903,0.00497548377137021,56.363200000000006,-52.72950000000001
20200222_091703,56.7811,-52.25696666666666,0269.0075,74.04905483331879,0.131840675886507,0.10195246854144902,56.363200000000006,-52.72950000000001
20200222_185336,56.76808333333334,-52.31610000000001,0269.0077,73.906780430882,0.121674798125507,0.157072917364254,56.363200000000006,-52.72950000000001
20200222_185812,56.76808333333334,-52.31610000000001,0269.0078,73.9037272198515,0.121674798125507,0.157072917364254,56.363200000000006,-52.72950000000001
20200223_041239,56.76873333333333,-52.38098333333334,0269.0080,73.7711792055286,0.111071387724005,0.21520647087193898,56.363200000000006,-52.72950000000001
20200223_130915,56.77038333333333,-52.44454999999999,0269.0081,73.6397625214233,0.10508703997984899,0.23930805791439802,56.363200000000006,-52.72950000000001
20200223_222457,56.76826666666666,-52.48215,0269.0082,73.5121910521618,0.10760387949693499,0.254572486709283,56.363200000000006,-52.72950000000001
20200224_073733,56.75956666666666,-52.53038333333333,0269.0083,73.3819056982742,0.0822427926099265,0.23621538067695302,56.363200000000006,-52.72950000000001
20200224_163020,56.75398333333332,-52.58728333333333,0269.0084,73.2533162497994,0.0607362424398757,0.279392046407174,56.363200000000006,-52.72950000000001
20200225_020839,56.76286666666667,-52.63868333333333,0269.0086,73.1005249086536,0.0619697515612269,0.31323186916426,56.363200000000006,-52.72950000000001
20200225_022519,56.76286666666667,-52.63868333333333,0269.0087,73.0885365867135,0.0619697515612269,0.31323186916426,56.72013333333333,-52.34288333333334
20200225_093925,56.77680000000001,-52.5925,0269.0089,72.9680902453352,0.0569054045808196,0.30935177629825605,56.72013333333333,-52.34288333333334
20200225_171744,56.78975,-52.54413333333334,0269.0091,72.82219733006359,0.0959340241774044,0.260726560714374,56.72013333333333,-52.34288333333334
20200225_174527,56.78975,-52.54413333333334,0269.0094,72.8035365576492,0.0959340241774044,0.260726560714374,56.85500000000001,-52.09696666666667
20200225_174956,56.78975,-52.54413333333334,0269.0095,72.8013879748274,0.0959340241774044,0.260726560714374,56.85500000000001,-52.09696666666667
20200226_003519,56.80978333333334,-52.45,0269.0096,72.6950778116019,0.0806175447228033,0.22866854953044102,56.85500000000001,-52.09696666666667
20200226_073108,56.80348333333333,-52.32835,0269.0097,72.58707246957249,0.0887260005458798,0.09545003246944801,56.85500000000001,-52.09696666666667
20200226_142855,56.79178333333333,-52.18325,0269.0098,72.47804914833,0.0501119423861061,-0.0452524705690146,56.85500000000001,-52.09696666666667
20200226_212226,56.7677,-52.17258333333333,0269.0099,72.3699290020781,0.0149826256720762,-0.168208422238411,56.6306,-52.42565
20200227_041347,56.748416666666664,-52.32196666666668,0269.0100,72.2618103090442,-0.080063349132381,0.000491489385033322,56.6306,-52.42565
20200227_110617,56.71666666666667,-52.42979999999999,0269.0101,72.15222095938842,-0.0965170378837826,0.199479247508987,56.6306,-52.42565
20200227_174554,56.68810000000001,-52.47601666666666,0269.0102,72.0450068945632,-0.10798863345641001,0.20591174412507898,56.6306,-52.42565
20200228_005519,56.66953333333333,-52.52505,0269.0103,71.9323643338768,-0.180603317905352,0.274486650166468,56.6306,-52.42565
20200228_074248,56.66548333333333,-52.54131666666667,0269.0104,71.8250361914382,-0.176879792286035,0.271784715921104,56.6306,-52.42565
20200228_143557,56.66499999999999,-52.56141666666667,0269.0105,71.7179354776175,-0.19023596456110198,0.28683860095040303,56.6306,-52.42565
20200228_213421,56.66108333333334,-52.56016666666666,0269.0106,71.608685454366,-0.15706566889546802,0.23805300527101003,56.6306,-52.42565
20200229_071104,56.6381,-52.63664999999999,0269.0108,71.4599653034639,-0.129777597818156,0.266902985193034,56.363200000000006,-52.72950000000001
20200229_162535,56.59063333333333,-52.73761666666666,0269.0109,71.3319411567935,-0.210982149617501,0.22329958806380898,56.363200000000006,-52.72950000000001
20200301_014002,56.54141666666666,-52.75420000000001,0269.0110,71.2032390839233,-0.149658828219785,0.14754646982643801,56.363200000000006,-52.72950000000001
20200301_110918,56.5043,-52.76841666666665,0269.0111,71.0710303960048,-0.108744303646436,0.183432759432249,56.363200000000006,-52.72950000000001
20200301_202525,56.44683333333334,-52.77018333333334,0269.0112,70.9416503969349,-0.10735044356808301,0.110420016698782,56.363200000000006,-52.72950000000001
20200302_054224,56.39936666666667,-52.73386666666666,0269.0113,70.81328619725109,-0.10325363710128,0.0617229204729719,57.666000000000004,-51.3192
20200302_145449,56.46265,-52.68155,0269.0114,70.68345279416329,-0.10352585353406402,0.0796971065540237,57.666000000000004,-51.3192
20200303_001430,56.53146666666667,-52.66746666666666,0269.0115,70.5513589104672,-0.15623369744814902,0.17346032790343602,57.666000000000004,-51.3192
20200303_093924,56.62223333333333,-52.64111666666667,0269.0117,70.4129297228742,-0.117699532548211,0.26441577743005,57.666000000000004,-51.3192
20200303_094345,56.62223333333333,-52.64111666666667,0269.0118,70.4105537114345,-0.117699532548211,0.26441577743005,57.666000000000004,-51.3192
20200303_184341,56.70088333333333,-52.58733333333333,0269.0120,70.2832082175729,-0.0729970987626642,0.28018900760869603,57.666000000000004,-51.3192
20200304_034226,56.75171666666667,-52.45441666666667,0269.0122,70.1472683924241,0.0220457275949661,0.147209071151611,57.666000000000004,-51.3192
20200304_035923,56.75171666666667,-52.45441666666667,0269.0123,70.1346021442842,0.0220457275949661,0.147209071151611,57.666000000000004,-51.3192
20200304_125953,56.69975,-52.4365,0269.0124,70.0069180506272,0.0505076142036972,0.0973443581123796,-51.345405,-51.32126166666666
20200304_224754,56.71879999999999,-52.26035,0269.0126,69.86125183736459,0.038258839498454,-0.0865384319822853,57.261100000000006,-51.3948
20200305_081727,56.72528333333333,-52.14463333333333,0270.0000,69.7283637700282,-0.0105595443067131,-0.256590886321447,57.261100000000006,-51.3948
20200305_174414,56.71855000000001,-52.03113333333334,0270.0001,69.59785171413169,0.0163670318631043,-0.334601357799008,57.261100000000006,-51.3948
20200306_024847,56.6941,-51.94768333333333,0270.0002,69.4719768768921,-0.0144892044598983,-0.408548195976654,57.261100000000006,-51.3948
20200306_121926,56.68633333333333,-51.92638333333332,0270.0003,69.34361413042629,-0.0828409668710884,-0.300467133373841,57.261100000000006,-51.3948
20200306_215200,56.67083333333334,-51.84563333333334,0270.0004,69.2129887235253,-0.0417373970260499,-0.349836250661465,57.261100000000006,-51.3948
20200307_071546,56.65573333333333,-51.78871666666666,0270.0005,69.084512626055,-0.0432879048018661,-0.344103798560714,57.261100000000006,-51.3948
20200307_161644,56.64014999999999,-51.7249,0270.0006,68.9589763886108,-0.0277612872804545,-0.363865851405346,57.261100000000006,-51.3948
20200308_013434,56.62218333333334,-51.68398333333333,0270.0007,68.8311789439494,-0.05912642721055399,-0.354777425797451,57.261100000000006,-51.3948
20200308_085512,56.63485,-51.62571666666666,0270.0009,68.7048521559099,-0.0247983062481582,-0.258107060086203,57.261100000000006,-51.3948
20200308_154947,56.65151666666667,-51.59836666666667,0270.0010,68.5970727892805,-0.0232962464900056,-0.246035749278808,57.261100000000006,-51.3948
20200308_223608,56.67651666666668,-51.5616,0270.0011,68.4908759770595,0.00578775058686233,-0.217169758454254,57.261100000000006,-51.3948
20200309_053045,56.68990000000001,-51.5115,0270.0012,68.383095157212,0.0277522257383665,-0.281482248718036,57.261100000000006,-51.3948
20200309_122001,56.71291666666666,-51.49125,0270.0013,68.2742985379784,-0.00516910515526887,-0.215220860958496,57.261100000000006,-51.3948
20200309_192851,56.74231666666666,-51.44128333333333,0270.0014,68.1624472544962,0.0485252501509603,-0.196290801649427,57.261100000000006,-51.3948
20200310_024144,56.78183333333333,-51.4337,0270.0015,68.0501440202142,0.029329208121447996,-0.12959201460785003,57.261100000000006,-51.3948
20200310_094120,56.83746666666666,-51.42103333333333,0270.0016,67.9389713895409,0.0177117624798357,-0.0556870108780214,57.261100000000006,-51.3948
20200310_163218,56.90820000000001,-51.39286666666667,0270.0017,67.8307386188936,0.071257684528657,-0.00282683165249205,57.261100000000006,-51.3948
20200310_233132,56.97413333333334,-51.44315,0270.0018,67.7205846940424,-0.0649120029274768,0.0419313428703234,57.261100000000006,-51.3948
20200311_060932,57.02771666666666,-51.422,0270.0019,67.61472793483479,-0.0823294006820356,0.0053014082369818106,57.261100000000006,-51.3948
20200311_130226,57.09261666666666,-51.43653333333334,0270.0020,67.5064937109695,-0.134387877549861,0.0893124612880351,57.261100000000006,-51.3948
20200311_200404,57.02749999999999,-51.51256666666666,0270.0021,67.3949824805007,-0.11594012371307001,0.0599578964222714,56.691266666666664,-51.913500000000006
20200311_234025,56.99901666666666,-51.57353333333334,0270.0022,67.3358336012224,-0.186074956479138,0.104203969777288,56.691266666666664,-51.913500000000006
20200312_031132,56.96066666666668,-51.60829999999999,0270.0023,67.2758941713489,-0.17728212715358801,0.0252592684184284,56.691266666666664,-51.913500000000006
20200312_065113,56.922700000000006,-51.64400000000001,0270.0024,67.2148226846488,-0.145235037115686,0.0097398240056014,56.691266666666664,-51.913500000000006
20200312_102345,56.89316666666666,-51.69920000000001,0270.0025,67.1578216615833,-0.174854617396024,0.107660253117527,56.691266666666664,-51.913500000000006
20200312_135407,56.86011666666666,-51.72768333333334,0270.0026,67.1011606915312,-0.13771765898937602,0.0545997317982233,56.691266666666664,-51.913500000000006
20200312_140746,56.86011666666666,-51.72768333333334,0270.0027,67.0916624586443,-0.13771765898937602,0.0545997317982233,56.691266666666664,-51.913500000000006
20200312_145317,56.86011666666666,-51.72768333333334,0270.0028,67.0543394605974,-0.13771765898937602,0.0545997317982233,56.691266666666664,-51.913500000000006
20200313_001528,56.74231666666666,-51.76738333333333,0270.0029,66.92575001212279,-0.0607100839482602,-0.086547162315909,56.691266666666664,-51.913500000000006
20200313_092533,56.63231666666667,-51.80308333333333,0270.0030,66.7990846242879,0.0762032792072852,-0.37645834184671506,56.49738333333333,-52.56328333333333
20200313_184753,56.54773333333332,-51.79968333333333,0270.0031,66.6663113611741,0.0760967503429028,-0.460043156752445,56.49738333333333,-52.56328333333333
20200314_040250,56.48986666666666,-51.81516666666667,0270.0032,66.5365913090908,0.0268921777998385,-0.411295399229461,56.49738333333333,-52.56328333333333
20200314_133100,56.43060000000001,-51.85001666666667,0270.0034,66.3966914648757,-0.0112207316038881,-0.40175872662862205,56.49738333333333,-52.56328333333333
20200314_202510,56.3969,-51.8682,0270.0035,66.2864241890201,-0.0291037913956664,-0.4144165387154,56.49738333333333,-52.56328333333333
20200315_101630,56.35193333333334,-51.97451666666666,0270.0037,66.0679226892991,-0.12237555742890499,-0.34068352520263895,56.49738333333333,-52.56328333333333
20200315_170623,56.34753333333333,-52.0314,0270.0038,65.9592394210699,-0.141386880716077,-0.254246532324924,56.49738333333333,-52.56328333333333
20200316_000650,56.3381,-52.07848333333333,0270.0039,65.8489706919962,-0.14606832649277499,-0.283358760342421,56.49738333333333,-52.56328333333333
20200316_071240,56.34656666666667,-52.12500000000001,0270.0040,65.735875453901,-0.129585106998946,-0.20222559142318,56.49738333333333,-52.56328333333333
20200316_134151,56.36326666666668,-52.16268333333334,0270.0041,65.629905343689,-0.10383609861918598,-0.192862767801995,56.49738333333333,-52.56328333333333
20200316_202026,56.38641666666667,-52.20445,0270.0042,65.5208820224464,-0.0543122348520136,-0.162262118270936,56.49738333333333,-52.56328333333333
20200316_235832,56.40086666666666,-52.23344999999999,0270.0043,65.4541560644851,-0.0121861723162728,-0.123482771565864,56.49738333333333,-52.56328333333333
20200317_033859,56.41941666666666,-52.26461666666668,0270.0044,65.39591108680649,0.0026277651132536398,-0.0620217575471089,56.49738333333333,-52.56328333333333
20200317_100937,56.45573333333334,-52.32996666666667,0270.0045,65.2910730334211,0.0436246372079819,-0.0592757890411284,56.49738333333333,-52.56328333333333
20200317_170027,56.51496666666666,-52.42573333333333,0270.0046,65.1839708663824,0.0670922923685721,0.106587346613496,56.49738333333333,-52.56328333333333
20200318_000230,56.53195000000001,-52.51406666666666,0270.0047,65.0740421903221,0.124756070538185,0.215858894243285,56.20945,-53.09091666666666
20200318_065407,56.55461666666668,-52.58455000000001,0270.0048,64.9655841708839,0.121340797395893,0.34089484086766497,56.20945,-53.09091666666666
20200318_134810,56.54696666666667,-52.63863333333334,0270.0049,64.8563341476324,0.0615262922044634,0.24834107024188198,56.20945,-53.09091666666666
20200318_210710,56.53344999999999,-52.67845000000001,0270.0050,64.7441428111369,0.0893952804987578,0.209761917738969,56.20945,-53.09091666666666
20200319_040520,56.51084999999999,-52.72873333333334,0270.0051,64.6336502864903,0.0827092210706473,0.133826789312367,56.20945,-53.09091666666666
20200319_174948,56.43901666666667,-52.79336666666666,0270.0053,64.4161674925915,0.15364859395088,0.0414749650973817,56.20945,-53.09091666666666
20200320_004640,56.42641666666667,-52.85363333333334,0270.0054,64.30522156392709,0.118779048561357,0.103881834648162,56.20945,-53.09091666666666
20200320_073714,56.40443333333332,-52.91868333333333,0270.0055,64.1952928878668,0.0731074161163539,0.117092796729048,56.20945,-53.09091666666666
20200320_143753,56.3607,-52.96613333333333,0270.0056,64.08649481541521,0.048860569046533,0.044881772028114005,56.20945,-53.09091666666666
20200320_211605,56.32615000000001,-53.03473333333334,0270.0057,63.9804113541986,0.0300871286779973,0.11023102195656401,56.20945,-53.09091666666666
20200322_115738,56.27745,-53.14955000000001,0270.0064,63.3583875446748,-0.0227474023002393,0.0565081546660748,56.671533333333336,-52.74696666666666
20200322_204140,56.3551,-53.11878333333334,0270.0066,63.21113732378571,-0.146612546360311,0.25038698858424,56.671533333333336,-52.74696666666666
20200323_095346,56.44274999999999,-52.9491,0270.0068,62.997274495939706,0.0192338095742009,0.13607642301713901,56.671533333333336,-52.74696666666666
20200323_133617,56.47685,-52.89368333333334,0270.0069,62.9364297112485,0.0801102347967483,0.13891389377554197,56.671533333333336,-52.74696666666666
20200323_202616,56.55951666666667,-52.80341666666667,0270.0070,62.8261609821748,0.09402938277513301,0.12719351803061302,56.671533333333336,-52.74696666666666
20200324_031254,56.63373333333333,-52.73581666666667,0270.0071,62.7183816155454,0.0619973427064419,0.0690593443091976,56.9642,-52.26866666666667
20200324_170423,56.73500000000001,-52.535866666666664,0270.0073,62.4984109124204,0.0422677385572292,0.007650822082621059,56.9642,-52.26866666666667
20200325_000951,56.78176666666666,-52.47296666666666,0271.0000,62.3859957803519,-0.0307126890864424,-0.0378760870231952,56.9642,-52.26866666666667
20200325_085453,56.80508333333334,-52.374,0272.0000,62.2071918368995,-0.00335667259736915,-0.102100018288072,56.9642,-52.26866666666667
20200325_163142,56.82635,-52.30371666666666,0272.0001,62.066840041884696,0.0328089678283332,-0.144429329681599,56.9642,-52.26866666666667
20200325_230250,56.878416666666666,-52.24845000000001,0273.0000,61.9398345492408,0.0182213928047489,-0.0254237752015776,56.9642,-52.26866666666667
20200326_053713,56.9387,-52.24176666666667,0273.0001,61.829792976306706,0.0138162512767036,-0.00631204214643415,57.55265,-51.27165
20200326_122337,57.00805,-52.19436666666667,0273.0002,61.72325720098579,-0.0453075867452793,0.127930164717815,57.55265,-51.27165
20200326_191341,57.03393333333334,-52.13066666666667,0273.0003,61.61581679745629,-0.111759243137139,0.0575146741368213,57.55265,-51.27165
20200327_020935,57.06559999999999,-52.09463333333333,0273.0004,61.505888121396,-0.168516985382115,0.0463803560587023,57.55265,-51.27165
20200327_090718,57.09765,-52.0975,0273.0005,61.3976558957054,-0.248163318591862,0.0967978015981672,57.55265,-51.27165
20200327_155455,57.12545000000001,-52.10493333333334,0273.0006,61.2907809756324,-0.266073103496705,0.160960570879333,57.55265,-51.27165
20200327_224559,57.1451,-52.09808333333334,0273.0007,61.18334057210279,-0.251563382217848,0.12596182230689398,57.55265,-51.27165
20200328_053732,57.16613333333334,-52.08815,0273.0008,61.0744296936035,-0.238909909068477,0.115549884882074,57.55265,-51.27165
20200328_122934,57.1784,-52.06105,0273.0009,60.9648403439476,-0.225053556891507,0.0503384846282642,57.55265,-51.27165
20200328_192712,57.18606666666666,-52.06213333333334,0273.0010,60.8553643452962,-0.262245800436222,-0.0269558341453951,57.55265,-51.27165
20200329_022306,57.2031,-52.08103333333333,0273.0011,60.746792793201294,-0.316004248693956,0.0378473855837395,57.55265,-51.27165
20200329_091309,57.19738333333333,-52.07463333333334,0273.0012,60.6394655590239,-0.30547660546564004,-0.0440790143565516,57.55265,-51.27165
20200329_160410,57.21451666666666,-52.10073333333333,0273.0013,60.5327036266508,-0.327010268828134,0.0484070381509197,57.55265,-51.27165
20200329_225440,57.21991666666666,-52.110883333333334,0273.0014,60.4241320745559,-0.323093414994301,0.0434999927551728,57.55265,-51.27165
20200330_054551,57.22743333333333,-52.11828333333332,0273.0015,60.3169176464262,-0.304294934763449,0.0363701302491116,57.55265,-51.27165
20200330_123305,57.23406666666666,-52.087,0273.0016,60.2094772428967,-0.22454324957647603,-0.00498531920822277,57.55265,-51.27165
20200330_192742,57.22433333333333,-52.04425,0273.0017,60.1016975129627,-0.227970485303198,-0.11480828070768499,57.55265,-51.27165
20200331_021832,57.21876666666667,-52.03251666666666,0273.0018,59.9944834481376,-0.27683814651107597,-0.12023758278471,57.55265,-51.27165
20200331_091043,57.19865,-52.02473333333334,0273.0019,59.8871556690034,-0.313409674638225,-0.180709802702047,57.55265,-51.27165
20200331_230255,57.21026666666666,-52.07493333333334,0273.0021,59.66831665940061,-0.342945766687838,0.0030137847088703,57.55265,-51.27165
20200401_060505,57.22361666666667,-52.08575,0273.0022,59.558727309744704,-0.273134821870507,0.0618519000732888,57.55265,-51.27165
20200401_125128,57.21026666666666,-52.09649999999999,0273.0023,59.451626232619496,-0.350354559918445,-0.00342849325280116,57.55265,-51.27165
20200401_194346,57.21246666666666,-52.09946666666666,0273.0024,59.3433941885812,-0.309989927753382,-0.0134235232951423,57.55265,-51.27165
20200402_024417,57.21715,-52.0682,0273.0026,59.2304119381859,-0.22131011149858804,-0.0507926035858799,57.55265,-51.27165
20200402_093240,57.22475,-52.0116,0273.0027,59.122971534656294,-0.161405315901449,-0.0930475690897498,57.55265,-51.27165
20200402_162822,57.2296,-51.93793333333333,0273.0028,59.0144001642136,-0.11699420744018199,-0.125933071650358,57.55265,-51.27165
20200402_233038,57.2266,-51.87423333333332,0273.0029,58.9033405212402,-0.14538467774643102,-0.202177813185175,57.55265,-51.27165
20200403_062037,57.22741666666667,-51.86703333333334,0273.0030,58.79556079130629,-0.23813271192620603,-0.14463997628699402,57.55265,-51.27165
20200403_131804,57.23021666666667,-51.81988333333334,0273.0031,58.6871024085635,-0.167147706965151,-0.157642973329676,57.55265,-51.27165
20200403_200925,57.24009999999999,-51.74433333333333,0273.0032,58.5790967032296,-0.0723784333429576,-0.191394934484337,57.55265,-51.27165
20200404_030524,57.27268333333333,-51.70991666666666,0273.0033,58.4709776468913,-0.0909070026826751,-0.108141938963669,57.55265,-51.27165
20200404_095547,57.29941666666667,-51.70771666666667,0273.0034,58.363423892357204,-0.15389863377786497,-0.0798255902939185,57.55265,-51.27165
20200404_165423,57.31218333333333,-51.6941,0273.0035,58.2512332824707,-0.230627853792353,-0.062512175924915,57.55265,-51.27165
20200404_234150,57.32938333333333,-51.6798,0273.0036,58.1442451930455,-0.22631042742569196,-0.0262685483588349,57.55265,-51.27165
20200405_063136,57.35853333333333,-51.65805,0273.0037,58.0368047895159,-0.19763641537045,0.025872891506797002,57.55265,-51.27165
20200405_131709,57.38731666666666,-51.59736666666666,0273.0038,57.9293643859863,-0.11278707939558599,0.0235038518656858,57.55265,-51.27165
20200405_200923,57.43818333333334,-51.54028333333334,0273.0039,57.8215846560524,-0.0838187576748218,0.0991882690180055,57.55265,-51.27165
20200406_025522,57.46416666666667,-51.4498,0273.0040,57.71459656662721,-0.0583218173265962,0.0410483752058963,57.55265,-51.27165
20200406_094625,57.50398333333332,-51.37648333333333,0273.0041,57.6073821384975,-0.0677055275489619,0.0431503711572091,57.55265,-51.27165
20200406_164257,57.48903333333333,-51.28716666666666,0273.0042,57.49790577654161,0.0077782708415505795,-0.09602928168244501,56.691266666666664,-51.913500000000006
20200406_233342,57.4284,-51.42848333333333,0273.0043,57.3889950796945,-0.153353947077134,0.0260469221194783,56.691266666666664,-51.913500000000006
20200407_091318,57.32450000000001,-51.44821666666666,0273.0045,57.2477390197754,-0.0935535772120046,-0.0156514016077436,56.691266666666664,-51.913500000000006
20200407_182841,57.24326666666666,-51.54621666666667,0273.0046,57.1189239592053,-0.11458927442919802,0.059235863085624,56.691266666666664,-51.913500000000006
20200408_034927,57.15218333333333,-51.62255,0273.0047,56.9903345107306,-0.152074021595806,0.0461071619057923,56.691266666666664,-51.913500000000006
20200408_130241,57.07443333333333,-51.61194999999999,0273.0048,56.86197103765579,-0.0300564348062068,0.0349955091666566,56.691266666666664,-51.913500000000006
20200408_221703,57.02346666666668,-51.63138333333333,0273.0049,56.7330422627767,0.0803141464201314,0.0792163203970636,56.691266666666664,-51.913500000000006
20200409_073729,57.00458333333333,-51.68508333333333,0273.0050,56.6032095862979,0.099799194904688,0.177063226159222,56.691266666666664,-51.913500000000006
20200409_161502,56.97876666666666,-51.7119,0273.0051,56.4756381170364,0.11302752247159499,0.148342889255532,56.691266666666664,-51.913500000000006
20200410_014235,56.94113333333333,-51.73091666666665,0273.0052,56.3435435067313,0.125495268964885,0.0936040714776349,56.691266666666664,-51.913500000000006
20200410_105523,56.9042,-51.74496666666667,0273.0053,56.21461473185221,0.14090745391229098,0.0848143640848005,56.691266666666664,-51.913500000000006
20200410_201154,56.84886666666666,-51.76246666666666,0273.0054,56.0860252833775,0.12527376024575998,0.0150375322022971,56.691266666666664,-51.913500000000006
20200411_054304,56.80131666666666,-51.82223333333333,0273.0055,55.9513279596238,0.0906629277731848,0.0264574020121754,56.691266666666664,-51.913500000000006
20200411_150718,56.7237,-51.88051666666667,0273.0056,55.8196860267276,0.0361183899010914,-0.0402645077273278,56.691266666666664,-51.913500000000006
20200412_003204,56.67768333333333,-51.95216666666667,0273.0057,55.689173970831,0.104206741585516,-0.09939094953796601,56.49738333333333,-52.56328333333333
20200412_095009,56.63666666666666,-52.06179999999999,0273.0058,55.558322588530004,0.0439505194725182,-0.10176781536375999,56.49738333333333,-52.56328333333333
20200412_191315,56.6338,-52.179550000000006,0273.0059,55.42747193283811,0.0740875102180303,0.001222533007827,56.49738333333333,-52.56328333333333
20200413_042354,56.6147,-52.30846666666667,0273.0060,55.2977511541457,0.0427517724070333,0.0716539128893817,56.49738333333333,-52.56328333333333
20200413_133518,56.57393333333332,-52.45155,0273.0061,55.1696143830799,-0.032576853956177,0.0844459654479896,56.49738333333333,-52.56328333333333
20200413_224343,56.51368333333334,-52.55259999999999,0273.0062,55.04226888921829,-0.0400578241055891,0.088750235691339,56.20945,-53.09091666666666
20200414_080809,56.43695,-52.71226666666666,0273.0063,54.91311413893929,-0.14722077301024403,0.07437259529484101,56.20945,-53.09091666666666
20200414_172755,56.31883333333333,-52.72455,0273.0064,54.7845246904646,-0.00855931235838525,-0.11854467529029401,56.20945,-53.09091666666666
20200415_024802,56.27603333333333,-52.83188333333332,0273.0065,54.6548053649902,0.0278383278848857,-0.146642544864367,56.20945,-53.09091666666666
20200415_120520,56.24548333333334,-52.95518333333333,0273.0066,54.5270071937198,-0.00514650289616595,-0.137327557906904,56.20945,-53.09091666666666
20200415_212409,56.25131666666667,-53.02458333333335,0273.0067,54.3995490754627,-0.0117348294361309,-0.101628803337085,56.671533333333336,-52.74696666666666
20200416_064612,56.29455,-52.9686,0273.0068,54.2712989533924,-0.013034109756956,-0.148019930138126,56.671533333333336,-52.74696666666666
20200416_161125,56.31876666666667,-52.95139999999999,0273.0069,54.142709504917704,-0.082093291818328,-0.19087330610638398,56.671533333333336,-52.74696666666666
20200417_013004,56.34746666666667,-52.98365,0273.0070,54.0138940810431,-0.178739515938708,-0.12492419893308099,56.671533333333336,-52.74696666666666
20200417_105942,56.40261666666667,-52.99898333333334,0273.0071,53.8844000043596,-0.170037381216857,0.00123893327098638,56.671533333333336,-52.74696666666666
20200417_201356,56.43598333333333,-53.01183333333334,0273.0072,53.757055237107004,-0.23952640961910002,-0.00042345001376142903,56.671533333333336,-52.74696666666666
20200418_053545,56.46041666666666,-53.00126666666666,0273.0073,53.6288043884277,-0.224224434061828,-0.0191622397786686,56.671533333333336,-52.74696666666666
20200418_145125,56.47635,-53.01043333333334,0273.0074,53.50089431937079,-0.266644323710968,-0.0382753614844849,56.671533333333336,-52.74696666666666
20200419_001027,56.48661666666666,-53.00311666666666,0273.0075,53.3719655444917,-0.248344683950212,-0.0630543804132129,56.671533333333336,-52.74696666666666
20200419_092801,56.50206666666666,-52.96778333333333,0273.0076,53.244054748825796,-0.18436415923257002,-0.0801394985367971,56.671533333333336,-52.74696666666666
20200419_185208,56.52293333333333,-52.94151666666666,0273.0077,53.1150133495512,-0.18385076213451199,-0.0865445606705933,56.671533333333336,-52.74696666666666
20200420_041701,56.534683333333334,-52.89498333333333,0273.0078,52.9859719502767,-0.16009921828615198,-0.134150736245124,56.671533333333336,-52.74696666666666
20200420_134319,56.58153333333333,-52.76445000000001,0273.0079,52.8572691507975,0.0534766927104824,-0.13081596276364602,56.671533333333336,-52.74696666666666
20200420_230927,56.61951666666667,-52.8791,0273.0080,52.7272097723098,-0.211451520762344,-0.0694884215392157,56.671533333333336,-52.74696666666666
20200421_081012,56.59561666666667,-52.86788333333333,0273.0081,52.5971503938221,-0.302350933998224,-0.153655162174943,56.671533333333336,-52.74696666666666
20200421_172921,56.60578333333334,-52.854,0273.0082,52.4681082679385,-0.220194500382796,-0.0999403165781991,56.671533333333336,-52.74696666666666
20200422_024742,56.60876666666667,-52.8413,0273.0083,52.338840166655,-0.239378563361182,-0.120691031339245,56.671533333333336,-52.74696666666666
20200422_115846,56.61030000000001,-52.8165,0273.0084,52.2120607012068,-0.219791660838375,-0.142710077737189,56.671533333333336,-52.74696666666666
20200422_211647,56.61668333333333,-52.76253333333334,0273.0085,52.083471252732004,-0.148660047903134,-0.17781220839946899,56.671533333333336,-52.74696666666666
20200423_062414,56.64703333333334,-52.73193333333334,0273.0086,51.95465655546639,-0.0815080408521324,-0.162073268534905,56.9642,-52.26866666666667
20200423_155345,56.65823333333333,-52.66493333333332,0273.0087,51.824030421956394,-0.0901518556437893,-0.20029280388339496,56.9642,-52.26866666666667
20200424_011320,56.67521666666666,-52.61368333333333,0273.0088,51.6923884890602,-0.0965546554730949,-0.187101782705495,56.9642,-52.26866666666667
20200424_103422,56.71365,-52.54720000000001,0273.0089,51.56232911057239,-0.0500609596329966,-0.110088901623127,56.9642,-52.26866666666667
20200424_195702,56.775166666666664,-52.4911,0273.0090,51.43283430728,-0.0304379769828935,-0.0563470556748595,56.9642,-52.26866666666667
20200425_051652,56.85726666666666,-52.47063333333334,0273.0091,51.3032276062012,-0.08077966092775099,0.0584848143546996,56.9642,-52.26866666666667
20200425_142824,56.8816,-52.37719999999999,0273.0092,51.1747515087309,-0.09333758441552802,-0.0063445667667056,56.9642,-52.26866666666667
20200425_234803,56.931383333333336,-52.28683333333333,0273.0093,51.0452581586565,-0.0480562598186014,-0.028882202591254,57.55265,-51.27165
20200426_090750,56.98975000000001,-52.2599,0273.0094,50.915988604155,-0.136206345584997,0.0318049694095914,57.55265,-51.27165
20200426_182502,56.99918333333334,-52.19923333333333,0273.0095,50.78762585768929,-0.166946628378358,-0.0746645460354555,57.55265,-51.27165
20200427_033130,57.01438333333334,-52.16793333333334,0273.0096,50.6601684660412,-0.19267845609978101,-0.0908222423109873,57.55265,-51.27165
20200427_124344,57.04899999999999,-52.11999999999999,0273.0097,50.5319176173619,-0.13188717469655,-0.0425074860944125,57.55265,-51.27165
20200427_215541,57.11613333333333,-52.01696666666666,0273.0098,50.403780119687006,-0.00377308631279466,0.0232730413534828,57.55265,-51.27165
20200428_071122,57.19834999999999,-51.81529999999999,0273.0099,50.27541737322121,0.177241921335572,0.0100327176515965,57.55265,-51.27165
20200428_162715,57.26254999999999,-51.62778333333334,0273.0100,50.146375973946704,0.218716422885846,-0.170762703585964,57.55265,-51.27165
20200429_015535,57.31373333333333,-51.62078333333334,0273.0101,50.016090620059,0.0532912349530055,-0.132728119314553,57.55265,-51.27165
20200429_111321,57.36925,-51.5368,0273.0102,49.8877264203753,0.0402558640778377,-0.12064421136020301,57.55265,-51.27165
20200429_202808,57.42961666666667,-51.46748333333333,0273.0103,49.7595903759184,0.00927374006382116,-0.0838289479901348,57.55265,-51.27165
20200430_045420,57.47273333333333,-51.40288333333333,0273.0104,49.635751497105204,-0.0640568548623172,-0.0824250347530024,57.55265,-51.27165
20200430_140713,57.498083333333334,-51.346833333333336,0273.0105,49.50795405244371,-0.119177099056866,-0.117702034398835,57.55265,-51.27165
20200430_142841,57.498083333333334,-51.346833333333336,0273.0106,49.4913292384556,-0.119177099056866,-0.117702034398835,57.55265,-51.27165
20200430_233856,57.54201666666666,-51.347516666666664,0273.0107,49.364210446603,-0.141882805982025,-0.020351141836869,56.691266666666664,-51.913500000000006
20200501_085530,57.44288333333334,-51.41611666666666,0273.0108,49.236411548723495,-0.14876987628476399,0.0182774154957434,56.691266666666664,-51.913500000000006
20200501_180251,57.34853333333334,-51.40025,0273.0109,49.1098595118931,-0.0263488087932794,-0.020732705754741003,56.691266666666664,-51.913500000000006
20200502_032553,57.24143333333333,-51.45903333333334,0273.0110,48.977763448370105,-0.0305600361902495,-0.0892320823708632,56.691266666666664,-51.913500000000006
20200502_123427,57.14806666666666,-51.54613333333334,0273.0111,48.85086990530829,-0.021427153639978998,-0.0847559214159752,56.691266666666664,-51.913500000000006
20200502_220108,57.08345,-51.68071666666666,0273.0112,48.7219418570382,-0.0616760824967379,0.0472269072863818,56.691266666666664,-51.913500000000006
20200503_071658,57.02043333333333,-51.70970000000001,0273.0113,48.5933524085635,-0.000643496314684778,0.0869388530935777,56.691266666666664,-51.913500000000006
20200503_164210,56.93186666666666,-51.6809,0273.0114,48.463859058489106,0.0862395080326618,-0.0511366096500135,56.691266666666664,-51.913500000000006
20200504_015925,56.84983333333332,-51.76481666666668,0273.0115,48.334364255196704,0.0178036217820706,-0.0864216031838199,56.691266666666664,-51.913500000000006
20200504_111415,56.76490000000001,-51.85166666666667,0273.0116,48.205209504917704,0.0037660067786074603,-0.0976232604579888,56.691266666666664,-51.913500000000006
20200504_203801,56.69711666666666,-51.94123333333334,0273.0117,48.0758280526297,0.0308339662548236,-0.119710593373058,56.49738333333333,-52.56328333333333
20200505_060026,56.66589999999999,-52.06023333333333,0273.0118,47.947013355364106,0.0366480560654586,-0.0880994714687277,56.49738333333333,-52.56328333333333
20200505_150334,56.63136666666666,-52.16306666666666,0273.0119,47.8161626996721,0.069573133759585,-0.0799981827913112,56.49738333333333,-52.56328333333333
20200506_002245,56.60973333333333,-52.30656666666667,0273.0120,47.6822559265137,0.00907960666283081,0.0050663064195451395,56.49738333333333,-52.56328333333333
20200506_093929,56.53475,-52.31694999999999,0273.0121,47.5490307126,-0.121009728871988,0.0677877602452616,56.17183333333334,-51.91436666666666
20200506_184625,56.48141666666668,-52.26833333333334,0273.0122,47.42044271734329,-0.10482759864144599,0.0618872771662144,56.17183333333334,-51.91436666666666
20200507_035811,56.45805,-52.15128333333333,0273.0123,47.290947914050896,0.0585359086812009,0.10615453048719801,56.17183333333334,-51.91436666666666
20200507_131303,56.42285,-52.06141666666666,0273.0124,47.15885330374579,0.14716193651824802,0.108369128797261,56.17183333333334,-51.91436666666666
20200507_222543,56.38013333333333,-51.983700000000006,0273.0125,47.0285664966402,0.21434732763421102,0.0514511259364679,56.17183333333334,-51.91436666666666
20200508_073450,56.32851666666667,-51.91876666666666,0273.0126,46.8990716933478,0.23428963621323198,0.0039691833869236704,56.17183333333334,-51.91436666666666
20200508_164143,56.29133333333333,-51.82028333333332,0273.0127,46.7698050452823,0.35982746910202,-0.0274295536044605,56.17183333333334,-51.91436666666666
20200509_020234,56.27841666666666,-51.73909999999999,0273.0128,46.636691729155,0.40116426639786207,-0.0446792493263222,56.17183333333334,-51.91436666666666
20200509_111522,56.24935000000001,-51.63801666666666,0273.0129,46.5053876694452,0.415418455901678,-0.16057898528397302,56.17183333333334,-51.91436666666666
20200509_195829,56.22633333333333,-51.5766,0273.0130,46.37589431937079,0.349179880898486,-0.21948905747758102,56.17183333333334,-51.91436666666666
20200510_004317,56.21931666666666,-51.56938333333333,0273.0131,46.3064537501744,0.26174440734828897,-0.158474996119672,56.17183333333334,-51.91436666666666
20200510_093934,56.1896,-51.54188333333334,0273.0132,46.1785429545084,0.276949339879575,-0.231682342587377,56.17183333333334,-51.91436666666666
20200510_183341,56.19018333333334,-51.54628333333334,0273.0133,46.0506321588425,0.24395915085420702,-0.16378282217456602,56.17183333333334,-51.91436666666666
20200511_035928,56.2019,-51.56265,0273.0134,45.9185360953195,0.232702787631202,-0.0881820329147661,56.17183333333334,-51.91436666666666
20200511_124955,56.19753333333333,-51.55538333333333,0273.0135,45.7841802777971,0.29641764623880495,-0.124779617226342,54.95008333333334,-51.13008333333334
20200511_193913,56.14081666666666,-51.56855,0273.0136,45.6742516017369,0.11910518867717099,-0.08940656893035902,54.95008333333334,-51.13008333333334
20200512_022129,56.11613333333333,-51.67808333333334,0273.0137,45.56635743088489,-0.0789261701834341,0.22502302901817,54.95008333333334,-51.13008333333334
20200512_091109,56.11091666666667,-51.73066666666667,0273.0138,45.4571074076334,-0.113238252441239,0.33363459413327096,54.95008333333334,-51.13008333333334
20200512_155858,56.13758333333333,-51.78696666666667,0273.0139,45.3471801847912,-0.0790582172542096,0.406310614609935,54.95008333333334,-51.13008333333334
20200512_225428,56.16668333333334,-51.792666666666676,0273.0140,45.2380420593262,0.0544915909607568,0.41655802977412393,54.95008333333334,-51.13008333333334
20200513_053836,56.19696666666667,-51.786,0273.0141,45.1296973908924,0.13068220558019,0.424714479757327,54.95008333333334,-51.13008333333334
20200513_122227,56.22393333333332,-51.7544,0273.0142,45.019882065836605,0.260455719489725,0.352251725736948,54.95008333333334,-51.13008333333334
20200513_191127,56.24018333333333,-51.68150000000001,0273.0143,44.9107453935896,0.34378870095181,0.251636590261701,54.95008333333334,-51.13008333333334
20200514_015824,56.23098333333333,-51.61256666666666,0273.0144,44.80149537033811,0.333561702954812,0.127528931203175,54.95008333333334,-51.13008333333334
20200514_083323,56.2002,-51.58490000000001,0273.0145,44.69348930169971,0.225902542670293,0.0579665506474986,54.95008333333334,-51.13008333333334
20200514_113208,56.19631666666668,-51.58075,0274.0000,44.65266146300689,0.0518653292660707,-0.12165393831183301,56.20149833679051,-51.585328333386
20200514_174023,56.16393333333333,-51.61331666666666,0275.0000,44.532441097028396,0.0429424466767977,0.015653934638216998,54.95008333333334,-51.13008333333334
20200515_001703,56.1398,-51.64396666666667,0275.0001,44.41493516063289,0.00194122158110962,0.13396381427421303,54.95008333333334,-51.13008333333334
20200515_071133,56.15006666666667,-51.60418333333333,0276.0000,44.3029707077985,-0.0620744081068842,0.23955242305257102,55.89056666666666,-50.6695
20200515_205616,56.18378333333333,-51.68518333333334,0277.0000,44.0637742937593,0.0668575610682437,0.252709642713754,56.07158333333333,-51.97153333333333
20200516_100354,56.27918333333334,-51.81200000000001,0277.0002,43.8483280032436,0.24101502187241897,0.207948282404216,56.16521666666666,-52.30211666666668
20200516_163524,56.30253333333333,-51.86578333333333,0277.0003,43.741566070870505,0.216828006894156,0.134218586499807,56.16521666666666,-52.30211666666668
20200516_230956,56.31664999999999,-51.920383333333334,0277.0004,43.631750382510205,0.19477052988902302,0.126418731561817,56.16521666666666,-52.30211666666668
20200517_054027,56.3054,-51.90618333333334,0277.0005,43.523405350771895,0.183077203251274,0.187787114308594,56.07158333333333,-51.97153333333333
20200518_054622,56.50479999999999,-52.05450000000001,0277.0008,43.1598043928106,0.0187303603413292,0.116913327634672,56.52835,-52.16148333333334
20200518_143142,56.49093333333334,-52.20655,0277.0009,43.033250539457796,-0.0417519563992638,0.0895773588206671,55.68036666666666,-53.65686666666666
20200518_232156,56.45518333333332,-52.34546666666666,0277.0010,42.90319116097,-0.0299793420174193,0.079361734126656,55.68036666666666,-53.65686666666666
20200519_075838,56.43053333333334,-52.47098333333333,0277.0011,42.777881262230295,0.00907231088733821,0.11437994662883,55.68036666666666,-53.65686666666666
20200519_170025,56.40131666666666,-52.55271666666666,0277.0012,42.6447683094075,0.0788837995282432,0.0742460063570588,55.68036666666666,-53.65686666666666
20200520_015054,56.34295,-52.50031666666667,0277.0013,42.517196840146,0.11852073452491801,0.0251576092968364,55.61018333333333,-52.4481
20200520_103808,56.2745,-52.46245,0277.0014,42.390982676502,0.0838719740826466,0.00466938697567584,55.61018333333333,-52.4481
20200520_192104,56.1959,-52.42979999999999,0277.0015,42.26601246747121,0.0734643146712741,-0.0278124618170017,55.61018333333333,-52.4481
20200521_040103,56.10888333333334,-52.39853333333333,0277.0016,42.1401376302316,0.0637630927718709,-0.060008682564744,55.61018333333333,-52.4481
20200521_124053,56.01338333333333,-52.40689999999999,0277.0017,42.0142624296875,-0.0111301292404301,-0.0579853436075749,55.61018333333333,-52.4481
20200521_212735,55.91836666666667,-52.43775,0277.0018,41.887935278343605,-0.0524617308503811,-0.0346651595544047,55.61018333333333,-52.4481
20200522_061248,55.82243333333333,-52.44203333333334,0277.0019,41.7622864165039,-0.0174837010590281,-0.0534232866105819,55.61018333333333,-52.4481
20200522_144914,55.72565,-52.45965,0277.0020,41.637429195173,-0.0363922585457699,-0.0535730227597872,55.61018333333333,-52.4481
20200522_234630,55.62244999999999,-52.45656666666667,0277.0021,41.508274444894,-0.022065551816578998,-0.0810419049322655,54.90098333333334,-52.91886666666666
20200523_084052,55.61915000000001,-52.45500000000001,0277.0022,41.37934603331939,-0.0212249284592711,-0.0764285860998562,54.90098333333334,-52.91886666666666
20200523_174423,55.408,-52.46136666666667,0277.0023,41.249059952822705,0.0959125794566385,-0.185320689948004,54.90098333333334,-52.91886666666666
20200524_020847,55.318583333333336,-52.44274999999999,0277.0024,41.123750780692,0.144692534173557,-0.15997800124951198,54.90098333333334,-52.91886666666666
20200524_110307,55.22498333333333,-52.40429999999999,0277.0025,40.996857964239204,0.178779863636838,-0.186277733590446,54.90098333333334,-52.91886666666666
20200524_200250,55.14161666666668,-52.37633333333334,0277.0026,40.86623255733821,0.19603131706981,-0.19666324832051899,52.6375,-51.30783333333334
20200525_043823,55.0457,-52.25818333333334,0277.0027,40.742280690825,0.140752846113811,-0.13401054174877802,52.6375,-51.30783333333334
20200525_132438,54.94786666666668,-52.19630000000001,0277.0028,40.6125599121326,0.03994331181436799,-0.0944852951728792,52.6375,-51.30783333333334
20200525_220043,54.85066666666666,-52.19905,0277.0029,40.4871381156064,-0.0523016600677785,-0.0576110509007108,52.6375,-51.30783333333334
20200526_064856,54.75885,-52.2131,0277.0030,40.361601878162205,-0.0907559747765453,-0.0117534509351988,52.6375,-51.30783333333334
20200526_154518,54.67674999999999,-52.22668333333333,0277.0031,40.2313157976655,-0.0800981834552279,0.0224842872979303,52.6375,-51.26605
20200527_003710,54.59138333333333,-52.22571666666666,0277.0032,40.1051016340216,-0.0669751630066618,0.0016874271185616302,52.6375,-51.26605
20200527_091952,54.50295,-52.19310000000001,0277.0033,39.980584102399604,-0.0141020827835014,-0.0351905844089168,52.6375,-51.26605
20200527_180641,54.41258333333334,-52.14031666666666,0277.0034,39.850637348307295,0.0187464019938643,-0.0591054694024745,52.6375,-51.26605
20200528_032556,54.31615,-52.08543333333333,0277.0035,39.7200126680152,-0.0167369895943035,-0.0522618077134032,51.57511666666665,-50.09176666666667
20200528_123222,54.21700000000001,-52.01861666666667,0277.0036,39.5928938761626,0.0016518113550856401,-0.0774721782106648,51.57511666666665,-50.09176666666667
20200528_215621,54.11603333333335,-51.9524,0277.0037,39.463286448474705,-0.0039499034694448,-0.0805045853319099,51.57511666666665,-50.09176666666667
20200529_182156,53.91075000000002,-51.79008333333333,0278.0000,39.122870130580395,0.0443841843899838,-0.0994079755290326,51.57511666666665,-50.09176666666667
20200530_033618,53.80111666666667,-51.6857,0278.0001,38.992470699079206,0.0624538478892481,-0.139326713813182,51.57511666666665,-50.09176666666667
20200530_130551,53.64705,-51.5834,0278.0002,38.861505965773794,0.00023570223827154902,-0.26997355482842395,51.57511666666665,-50.09176666666667
20200530_222301,53.5265,-51.57433333333334,0278.0003,38.732238591099296,-0.128857307715582,-0.10075176966437599,51.57511666666665,-50.09176666666667
20200531_074257,53.42833333333333,-51.57461666666666,0278.0004,38.600595204985105,-0.12347916668038901,-0.0252346759747856,51.57511666666665,-50.09176666666667
20200531_170008,53.31844999999999,-51.58561666666666,0278.0005,38.471667156715,-0.150857742785414,-0.0513156622178905,51.57511666666665,-50.09176666666667
20200601_020456,53.20091666666667,-51.48728333333333,0278.0006,38.3428517328404,0.0245431551990454,-0.15980009293827,51.57511666666665,-50.09176666666667
20200601_112645,53.1118,-51.33446666666668,0278.0007,38.2073638584914,0.0624668947693816,-0.137384616086676,52.0375,-49.29511666666666
20200601_205356,53.00936666666666,-51.21084999999999,0278.0008,38.073458538551,-0.0154492545663764,-0.149102490006756,52.0375,-49.29511666666666
20200602_062428,52.91333333333333,-51.07641666666667,0278.0009,37.939554671828496,0.0111900181194338,-0.14147125914649802,52.0375,-49.29511666666666
20200602_153601,52.82506666666666,-50.93636666666666,0278.0010,37.8106251703404,0.0335737279716439,-0.128946348317701,52.0375,-49.29511666666666
20200603_004255,52.72398333333334,-50.86578333333333,0278.0011,37.6814711466704,0.0529469402562992,-0.0935736151816506,52.06903333333332,-50.57278333333334
20200603_094600,52.6178,-50.80751666666666,0278.0012,37.5536737020089,0.0260880980772406,-0.10132888572699601,52.06903333333332,-50.57278333333334
20200603_191353,52.50673333333334,-50.75526666666666,0278.0013,37.418524427455296,0.0096821657024246,-0.109403089967915,52.06903333333332,-50.57278333333334
20200604_042246,52.39751666666666,-50.70378333333333,0278.0014,37.290274305385,0.0126917085493096,-0.10147657537099902,52.06903333333332,-50.57278333333334
20200604_133008,52.28731666666666,-50.6448,0278.0015,37.1620249099237,0.0310992204676896,-0.118125190251804,52.06903333333332,-50.57278333333334
20200604_224853,52.16111666666667,-50.59988333333335,0278.0016,37.030494874814,-0.00831325784648581,-0.159439735998428,52.06903333333332,-50.57278333333334
20200605_081901,52.0319,-50.53756666666666,0278.0017,36.8982861868954,-0.011883014893236999,-0.16347805833227602,51.52703333333334,-50.064083333333336
20200605_174055,51.91698333333333,-50.41856666666666,0278.0018,36.767661506603396,0.0660264259523426,-0.161388833865797,51.52703333333334,-50.064083333333336
20200606_024821,51.80546666666668,-50.31826666666666,0278.0019,36.6385060297154,0.0283008653747508,-0.137895939360251,51.52703333333334,-50.064083333333336
20200606_120312,51.68693333333334,-50.221,0278.0020,36.5084466512277,0.0157223236920058,-0.161098180371395,51.52703333333334,-50.064083333333336
20200606_212145,51.5766,-50.10251666666666,0278.0021,36.3615364833519,0.0564789362960164,-0.150015045970708,51.52703333333334,-50.064083333333336
20200607_063246,51.4556,-50.12563333333333,0278.0022,36.2183581793155,-0.000285924119400812,-0.167423996329389,50.77798333333334,-50.67590000000001
20200607_103648,51.39490000000001,-50.18246666666668,0278.0023,36.1490302345145,-0.20135872481363,-0.22098588887694898,50.77798333333334,-50.67590000000001
20200607_144659,51.34003333333333,-50.24365,0278.0025,36.07438714485679,-0.188862347175263,-0.13106362770777302,50.77798333333334,-50.67590000000001
20200607_180658,51.29781666666666,-50.28938333333334,0278.0026,36.015125641183,-0.16794897075958598,-0.13848986874775,50.77798333333334,-50.67590000000001
20200607_211918,51.25811666666667,-50.33515,0278.0027,35.9564287127046,-0.20088312993573895,-0.126289066642014,50.77798333333334,-50.67590000000001
20200608_013357,51.20808333333333,-50.39638333333334,0278.0028,35.8839349324777,-0.17696000090683497,-0.0916133539420854,50.77798333333334,-50.67590000000001
20200608_083052,51.10243333333333,-50.49609999999999,0278.0029,35.770500367978,-0.21620792761639002,-0.174202288298449,50.77798333333334,-50.67590000000001
20200608_153512,50.99863333333333,-50.587300000000006,0278.0030,35.6549172206566,-0.193061612669064,-0.149691192973462,50.77798333333334,-50.67590000000001
20200608_215905,50.90390000000001,-50.662833333333346,0278.0031,35.547589804827,-0.19898617315304198,-0.153695161358803,50.77798333333334,-50.67590000000001
20200609_041650,50.810916666666664,-50.69873333333334,0278.0032,35.4439942528367,-0.126797482342861,-0.14840138962244698,49.35448333333333,-52.01986666666667
20200609_103640,50.72656666666667,-50.74998333333333,0278.0033,35.3390421218378,-0.0623677986897177,-0.19486804023277,49.35448333333333,-52.01986666666667
20200609_155317,50.67351666666667,-50.79585,0278.0034,35.2499235276228,-0.0120587994274845,-0.163853805573742,49.35448333333333,-52.01986666666667
20200609_204929,50.6189,-50.82771666666666,0278.0035,35.164536797247,0.00286011512738159,-0.20271681984389603,49.35448333333333,-52.01986666666667
20200609_205845,50.6189,-50.82771666666666,0278.0037,35.158994223772304,0.00286011512738159,-0.20271681984389603,49.35448333333333,-52.01986666666667
20200610_011532,50.57676666666666,-50.87616666666667,0278.0038,35.0825426043062,-0.0668789908359031,-0.151241349801294,49.35448333333333,-52.01986666666667
20200610_052614,50.53195000000001,-50.89283333333333,0278.0039,35.009143469261495,0.0586481578570275,-0.209685015125361,49.35448333333333,-52.01986666666667
20200610_093358,50.48353333333333,-50.924200000000006,0278.0040,34.935745060825894,-0.0079548268362865,-0.238909104001328,49.35448333333333,-52.01986666666667
20200610_133622,50.44258333333334,-50.97811666666666,0278.0041,34.8627978765811,-0.10781522801067499,-0.14693592018074303,49.35448333333333,-52.01986666666667
20200610_174003,50.4119,-51.03761666666666,0278.0042,34.7910961001674,-0.10516147688621001,-0.0701290687687459,49.35448333333333,-52.01986666666667
20200610_214447,50.37783333333334,-51.11563333333334,0278.0043,34.7181496425316,-0.19867900435574398,-0.0301525586686099,49.35448333333333,-52.01986666666667
20200611_014958,50.3436,-51.20596666666668,0278.0044,34.6455425113002,-0.25298554940476997,-0.00941533021257593,49.35448333333333,-52.01986666666667
20200611_055405,50.30535,-51.2689,0278.0045,34.5736140328776,-0.140047803032967,-0.0921791100794741,49.35448333333333,-52.01986666666667
20200611_101059,50.25971666666666,-51.3192,0278.0046,34.4980655884022,-0.0823047737483109,-0.16668931227173497,49.35448333333333,-52.01986666666667
20200611_140802,50.21811666666667,-51.37033333333334,0278.0047,34.426703865001805,-0.0962494554700481,-0.11996225620192001,49.35448333333333,-52.01986666666667
20200611_180510,50.18030000000001,-51.40646666666666,0278.0048,34.3552258841611,-0.0333683928576974,-0.11715533559594302,49.35448333333333,-52.01986666666667
20200611_221644,50.14106666666667,-51.4379,0278.0049,34.2821668021298,-0.0121484944667096,-0.13354652131675301,49.35448333333333,-52.01986666666667
20200612_022305,50.10959999999999,-51.47733333333333,0278.0050,34.2086557692987,-0.0213178098986201,-0.0948271318883203,49.35448333333333,-52.01986666666667
20200612_063200,50.07826666666666,-51.500733333333336,0278.0051,34.134577981445304,0.0456149485372802,-0.0679742226264606,49.35448333333333,-52.01986666666667
20200612_104044,50.05063333333332,-51.52943333333333,0278.0052,34.0595948387742,0.0331395215262499,-0.0846076285548626,49.35448333333333,-52.01986666666667
20200612_144719,50.02273333333333,-51.56581666666666,0278.0053,33.9854051531343,-0.0210464161651918,-0.0388909323134105,49.35448333333333,-52.01986666666667
20200612_185515,49.99906666666667,-51.59750000000001,0278.0054,33.912571319894,0.0247713500969819,-0.019896254384595,49.35448333333333,-52.01986666666667
20200612_225540,49.97073333333333,-51.62753333333333,0278.0055,33.8404161394624,0.0136521180910833,-0.0671974943955926,49.35448333333333,-52.01986666666667
20200613_025413,49.9429,-51.66191666666667,0278.0056,33.7683743100353,-0.0041141969751787395,-0.0608253277870628,49.35448333333333,-52.01986666666667
20200613_064723,49.91676666666667,-51.68775000000001,0278.0057,33.6964472848307,0.0384988562090816,-0.0693275017992142,49.35448333333333,-52.01986666666667
20200613_103751,49.890633333333334,-51.71185,0278.0058,33.6271186134208,0.0502990880440284,-0.0962176659937098,49.35448333333333,-52.01986666666667
20200613_142306,49.865,-51.74338333333333,0278.0059,33.5594887538597,0.0104264110988148,-0.0740154928129052,49.35448333333333,-52.01986666666667
20200613_175919,49.84198333333333,-51.77218333333333,0278.0060,33.4933280977027,0.0127507714628849,-0.0529645818435163,49.35448333333333,-52.01986666666667
20200613_212337,49.81911666666666,-51.79261666666666,0278.0061,33.4298820527809,0.0414315255498942,-0.0482825248223912,49.35448333333333,-52.01986666666667
20200614_005205,49.79691666666667,-51.81786666666667,0278.0062,33.3656425508277,0.0281097152736896,-0.061138047331327994,49.35448333333333,-52.01986666666667
20200614_040708,49.77573333333334,-51.84396666666667,0278.0063,33.3041205665458,0.0148690933977458,-0.0527973123733649,49.35448333333333,-52.01986666666667
20200614_071823,49.75643333333334,-51.86223333333334,0278.0064,33.2430476266276,0.0706373076382455,-0.0589885006166128,49.35448333333333,-52.01986666666667
20200614_102137,49.73683333333334,-51.87845,0278.0065,33.183333445545,0.0708866237867506,-0.0564087291808003,49.35448333333333,-52.01986666666667
20200614_133239,49.7184,-51.90666666666666,0278.0066,33.1226020118582,0.0109337135849429,-0.0254385513358851,49.35448333333333,-52.01986666666667
20200614_165632,49.70183333333333,-51.9435,0278.0067,33.0594945667318,-0.0206821030465086,0.0349664577578203,49.35448333333333,-52.01986666666667
20200614_203145,49.69176666666667,-51.98483333333334,0278.0068,32.9922018537481,0.00675944721984265,0.0554932701877853,48.82531666666666,-52.38216666666667
20200615_001826,49.67245,-52.01851666666667,0278.0069,32.923779990373895,0.00324263967459179,0.037852792278607,48.82531666666666,-52.38216666666667
20200615_041519,49.65328333333333,-52.06156666666667,0278.0070,32.8530954665644,-0.0223932315891192,0.0247672087985667,48.82531666666666,-52.38216666666667
20200615_081506,49.62706666666666,-52.09883333333333,0278.0071,32.7813936901507,-0.0108823047224076,-0.0288077336012963,48.82531666666666,-52.38216666666667
20200615_122851,49.58173333333334,-52.12773333333333,0278.0072,32.7057318946708,-0.0275408147885558,-0.15780821027643901,48.82531666666666,-52.38216666666667
20200615_164714,49.52343333333333,-52.16371666666666,0278.0073,32.6293928996001,-0.0871915798511914,-0.234318103278118,48.82531666666666,-52.38216666666667
20200615_210527,49.46048333333333,-52.19813333333333,0278.0074,32.553957806129105,-0.08741116485505498,-0.237974691297495,48.82531666666666,-52.38216666666667
20200616_013700,49.39756666666667,-52.227,0278.0075,32.4752442528367,-0.0685092292699781,-0.21683240596409897,48.82531666666666,-52.38216666666667
20200616_061256,49.34215000000001,-52.25446666666667,0278.0076,32.3949466919178,-0.0358929981077748,-0.18147906782575,48.82531666666666,-52.38216666666667
20200616_103429,49.29493333333333,-52.26071666666667,0278.0077,32.3184943458426,0.0627016859090296,-0.16341881856421,48.82531666666666,-52.38216666666667
20200616_145324,49.26318333333334,-52.27181666666667,0278.0078,32.2421553507719,0.0847889307132114,-0.0560729407768942,48.82531666666666,-52.38216666666667
20200616_191551,49.24085,-52.28715,0278.0079,32.1659297067057,0.0823003342180177,0.0269704546001747,48.82531666666666,-52.38216666666667
20200616_233555,49.22246666666666,-52.29255000000001,0278.0080,32.0894773606306,0.14748145562443699,0.0262795621529738,48.82531666666666,-52.38216666666667
20200617_040017,49.19388333333333,-52.29065000000001,0278.0081,32.010989056129105,0.159334948495132,-0.0780026531769347,48.82531666666666,-52.38216666666667
20200617_082643,49.15265,-52.277833333333334,0278.0082,31.932952702427396,0.15542458292804,-0.13935966754671303,48.82531666666666,-52.38216666666667
20200617_124345,49.11265,-52.25753333333334,0278.0083,31.8567270583612,0.211865798152736,-0.18474377933121902,48.82531666666666,-52.38216666666667
20200617_170241,49.07241666666667,-52.23865000000001,0278.0084,31.778465455868698,0.217291945100182,-0.22128552990525802,48.82531666666666,-52.38216666666667
20200617_211629,49.05131666666666,-52.24303333333334,0278.0085,31.7011077549758,0.15413253712151,-0.18191471962285102,48.85998333333334,-52.6029
20200618_011450,49.03141666666666,-52.24946666666666,0278.0086,31.6277100731492,0.159834327110951,-0.18047507689245101,48.85998333333334,-52.6029
20200618_051604,49.01066666666668,-52.26621666666666,0278.0087,31.554536186895398,0.0992187144092199,-0.195256776026667,48.85998333333334,-52.6029
20200618_091605,48.9886,-52.29015,0278.0088,31.4810237008463,0.0590718728623692,-0.200402021716661,48.85998333333334,-52.6029
20200618_130415,48.96768333333333,-52.31426666666666,0278.0089,31.410000577241398,0.0630516514636987,-0.20045613650671298,48.85998333333334,-52.6029
20200618_172829,48.92976666666666,-52.35346666666666,0278.0090,31.329703016322497,-0.0227844759762612,-0.14653327387503798,48.33471666666666,-52.9444
20200618_220257,48.9027,-52.41768333333332,0278.0091,31.2483882027995,-0.0713388521286598,-0.00698242845260475,48.33471666666666,-52.9444
20200619_024015,48.88769999999999,-52.47583333333333,0278.0092,31.166733336263,-0.024326949726809,0.0468876157679176,48.33471666666666,-52.9444
20200619_072502,48.87013333333333,-52.53426666666665,0278.0093,31.0823624052734,-0.0297159328126558,0.0235372877235796,48.33471666666666,-52.9444
20200619_115110,48.85130000000001,-52.58556666666666,0278.0094,31.003875553990003,-0.0225993655250067,0.0327652896589698,48.33471666666666,-52.9444
20200619_155133,48.82268333333333,-52.59228333333333,0279.0000,30.925048649693103,-0.0233581298318708,0.0385003654894383,48.72535,-52.504
20200619_172020,48.81365,-52.59083333333334,0279.0001,30.8815058785807,-0.0227087185128629,0.0254211992257642,48.72535,-52.504
20200619_190557,48.80208333333334,-52.58878333333334,0279.0002,30.834572749860502,-0.0460055173529199,0.0180858377049839,48.72535,-52.504
20200619_203946,48.7942,-52.59873333333334,0279.0003,30.786280862304697,-0.0649625943124811,0.0334673854732663,48.64236666666668,-52.61416666666668
20200620_000456,48.77661666666666,-52.62145000000001,0280.0000,30.7178575457124,-0.0270713031319783,0.0785811312961451,48.64236666666668,-52.61416666666668
20200620_032521,48.75626666666667,-52.63191666666667,0280.0001,30.652827493164,0.0265098093727624,0.0369739383955284,48.64236666666668,-52.61416666666668
20200620_065222,48.73105,-52.64666666666668,0280.0002,30.586440134998103,0.0125108857576777,-5.6809401695510206e-05,48.64236666666668,-52.61416666666668
20200620_103152,48.70383333333332,-52.65835,0280.0003,30.515868962193103,0.000215089052025579,0.0119219460656542,48.64236666666668,-52.61416666666668
20200620_141448,48.67758333333333,-52.65911666666666,0280.0004,30.445184438383603,0.00585764814510845,0.0268009990334941,48.47244999999999,-52.71388333333333
20200620_175651,48.65206666666666,-52.68176666666666,0280.0005,30.3749533185919,-0.008667757979838741,-0.0036416212969753296,48.47244999999999,-52.71388333333333
20200620_213953,48.61958333333333,-52.69626666666666,0280.0006,30.304832643368698,-0.0178337333427377,-0.0267041628983218,48.47244999999999,-52.71388333333333
20200621_011230,48.59378333333333,-52.70803333333333,0280.0007,30.2374294858166,0.0161168408295134,0.011405125632811,48.47244999999999,-52.71388333333333
20200621_043357,48.56985,-52.71845,0280.0008,30.171608882673002,0.009986250622971541,0.0153009167324123,48.47244999999999,-52.71388333333333
20200621_080603,48.53833333333333,-52.7317,0280.0009,30.104429520693802,-0.0486876941766127,-0.0173271442186161,48.47244999999999,-52.71388333333333
20200621_102929,48.51505,-52.74823333333333,0280.0010,30.050708410667802,-0.15053345016424,-0.0220327047923545,48.47244999999999,-52.71388333333333
20200621_132207,48.49261666666666,-52.78781666666666,0280.0011,29.990542278785302,-0.145507651167121,-0.0144987513680685,48.20571666666667,-53.06731666666666
20200621_170725,48.47066666666666,-52.84654999999999,0280.0012,29.919065751162602,-0.10917242864938,-0.0514960476491436,48.20571666666667,-53.06731666666666
20200621_204424,48.43645,-52.88841666666667,0280.0013,29.848721280366398,-0.10172401038413499,-0.0796707103405871,48.20571666666667,-53.06731666666666
20200622_002456,48.40728333333333,-52.92398333333334,0280.0014,29.776339397926,-0.0609270854348984,-0.0515083749791539,48.20571666666667,-53.06731666666666
20200622_040132,48.38648333333333,-52.9571,0280.0015,29.7059949271298,-0.0190404693906872,0.007519021697115679,48.20571666666667,-53.06731666666666
20200622_072803,48.36483333333334,-52.98433333333334,0280.0016,29.637571610537602,0.00030813935782028,-0.00989989382480797,48.20571666666667,-53.06731666666666
20200622_105451,48.34235,-53.01035,0280.0017,29.5684710943545,0.0255308350008649,-0.0392668901617771,48.20571666666667,-53.06731666666666
20200622_151126,48.31876666666667,-53.0253,0280.0018,29.483874914574,0.0406675249380315,-0.0167593645547462,48.20571666666667,-53.06731666666666
20200622_201145,48.28758333333334,-53.04073333333334,0281.0000,29.3851432832496,-0.0598936282498457,0.004566421845711321,48.20571666666667,-53.06731666666666
20200622_234116,48.26306666666665,-53.06951666666667,0281.0001,29.316494717866398,-0.0430992533254067,0.0110696767530233,48.20571666666667,-53.06731666666666
20200623_031504,48.24536666666666,-53.08833333333334,0281.0002,29.246488846865695,0.0399121039765768,0.017145464676277,48.12483333333334,-53.28738333333335
20200623_064250,48.23813333333333,-53.12096666666666,0281.0003,29.1776135794736,0.0335095411484549,-0.0258753438048321,48.12483333333334,-53.28738333333335
20200623_100721,48.21575,-53.15036666666667,0281.0004,29.109983719912602,-0.00493569110702993,-0.0702678582081201,48.12483333333334,-53.28738333333335
20200623_134035,48.19699999999999,-53.18551666666667,0281.0005,29.0406565017206,0.00081390027216361,-0.0559736777948316,48.12483333333334,-53.28738333333335
20200623_172254,48.1797,-53.22184999999999,0281.0006,28.9698586269066,0.0020996966248496103,-0.0316836365320851,48.12483333333334,-53.28738333333335
20200623_214757,48.15273333333333,-53.27258333333332,0281.0007,28.8884290091611,-0.0517222719016338,-0.019898148965606002,47.99271666666667,-53.38755
20200624_032424,48.11104999999999,-53.31765,0281.0008,28.7882267212146,-0.0124364873840262,-0.0210632516101117,47.99271666666667,-53.38755
20200624_121959,48.05728333333333,-53.35856666666666,0282.0000,28.636454085891,0.00956205173233582,-0.0148450030697332,48.03371666666666,-53.36483333333334
20200624_152641,48.03986666666666,-53.35458333333333,0282.0001,28.588952748930396,0.0283167219764381,-0.0098808562267682,48.07333333333333,-53.34006666666668
20200624_182246,48.06283333333334,-53.33701666666666,0282.0002,28.544620880440803,0.0372519547253333,-0.0123435184871541,48.07333333333333,-53.34006666666668
20200624_212818,48.05601666666666,-53.35163333333333,0282.0003,28.4990421509022,0.0202216015389288,0.000351453855872732,48.03371666666666,-53.36483333333334
20200625_003220,48.03580000000001,-53.36775,0282.0004,28.4516556181641,0.02305341130372,-0.0227303219686636,47.92923333333333,-53.44741666666667
20200625_033148,48.0157,-53.38106666666666,0282.0005,28.4073222964565,0.0346224544240108,-0.013470231099514,47.92923333333333,-53.44741666666667
20200625_093734,47.97719999999999,-53.41370000000001,0282.0007,28.3150371402065,0.021600853309200002,0.00516926051052563,47.92923333333333,-53.44741666666667
20200625_124130,47.95596666666667,-53.42961666666667,0282.0008,28.2692317086588,0.0164796583250863,-0.0071805474071769,47.92923333333333,-53.44741666666667
20200625_144343,47.94453333333333,-53.4457,0282.0009,28.2275011003999,0.00664112790781006,0.0064195336421178,47.90640000000001,-53.47643333333333
20200625_164145,47.934416666666664,-53.4617,0282.0010,28.1879168951358,0.0264122062028051,-0.0102503708126531,47.90640000000001,-53.47643333333333
20200625_184102,47.91936666666667,-53.47131666666667,0282.0011,28.1475421392764,0.0178258887888489,-0.00931039680089124,47.90640000000001,-53.47643333333333
20200625_204234,47.91518333333333,-53.46888333333333,0282.0012,28.1063768328218,-0.0050261275982792395,-0.0225619075874799,47.95006666666666,-53.44073333333335
20200625_224039,47.92581666666666,-53.45233333333334,0282.0013,28.0669045253441,-0.00269638797867288,-0.04502301177076401,47.95006666666666,-53.44073333333335
20200626_003759,47.93694999999999,-53.43633333333334,0282.0014,28.027773724097802,0.00255188107521315,-0.0464359573678587,47.95006666666666,-53.44073333333335
20200626_023835,47.94029999999999,-53.44235000000001,0282.0015,27.9880776210472,0.0191409744441686,-0.0077975202914169,47.90640000000001,-53.47643333333333
20200626_043617,47.92721666666666,-53.45678333333333,0282.0016,27.9488334687965,0.0249645461410943,-0.0114025039491496,47.90640000000001,-53.47643333333333
20200626_063537,47.9136,-53.4716,0282.0017,27.9082334641462,0.007769063328145291,-0.00786061121383338,47.90640000000001,-53.47643333333333
20200626_083420,47.91998333333333,-53.46155,0282.0018,27.868649258882105,0.0105997095285018,-0.028230207681797993,47.95006666666666,-53.44073333333335
20200626_103238,47.93298333333333,-53.44683333333334,0282.0019,27.8291798578404,0.00723066889111735,-0.036021622251942,47.95006666666666,-53.44073333333335
20200626_123219,47.94393333333334,-53.44068333333333,0282.0020,27.7883516979632,0.0136432854926381,-0.0338517200633291,47.90640000000001,-53.47643333333333
20200626_142857,47.93093333333334,-53.45516666666668,0282.0021,27.7493342477213,0.01752575514833,-0.0129581246157919,47.90640000000001,-53.47643333333333
20200626_162736,47.9172,-53.46813333333333,0282.0022,27.709636691452697,0.0166849905482754,-0.008839459077066571,47.90640000000001,-53.47643333333333
20200626_182319,47.91581666666666,-53.46453333333334,0282.0023,27.6705073434245,0.00970541770188502,-0.0198962512023581,47.95006666666666,-53.44073333333335
20200626_202317,47.92861666666666,-53.4486,0282.0024,27.6297925345517,0.0179277676567412,-0.0350538595362598,47.95006666666666,-53.44073333333335
20200626_222409,47.9435,-53.435916666666664,0282.0025,27.5894163254743,0.0184529807308598,-0.0323306930385836,47.95006666666666,-53.44073333333335
20200627_002355,47.93458333333333,-53.44871666666667,0282.0026,27.5494935204148,0.00989243729782848,-0.0249534693742024,47.90640000000001,-53.47643333333333
20200627_022247,47.92268333333333,-53.46366666666666,0282.0027,27.5077629121559,0.0241774411111143,-0.0196770226609108,47.90640000000001,-53.47643333333333
20200627_042212,47.91075000000002,-53.47015,0282.0028,27.4677267560919,0.011572648324593999,-0.0142778980530474,47.95006666666666,-53.44073333333335
20200627_062252,47.92416666666666,-53.45264999999999,0282.0029,27.428142550827697,0.0272806062057002,-0.0295142776172188,47.95006666666666,-53.44073333333335
20200627_081912,47.93913333333333,-53.43905,0282.0030,27.3890132027995,0.0357433773090264,-0.0248592991507234,47.95006666666666,-53.44073333333335
20200627_102359,47.941266666666664,-53.4486,0282.0031,27.346827737304697,0.014418970063013,-0.0418374786719012,47.90640000000001,-53.47643333333333
